,Team,Region,Team_abbr
9,00 Nation,Europe,00N
10,00 Prospects,Europe,00P
11,1 Trick Ponies,North America,1TP
12,1. Berliner Esport-Club e.V.,Europe,BESC
13,100 Thieves,North America,100
14,100 Thieves Academy,North America,100.A
15,100 Thieves Challengers,North America,100C
16,100 Thieves Next,North America,100X
17,13Noobz Gaming,North America,13N
18,17 Academy,LMS,17A
19,19esports,Latin America,19
20,2144 Danmu Gaming,China,2144D
21,2144 Gaming,China,2144
22,269 Gaming,SEA,269
23,2Kill Gaming,Brazil,2K
24,300,North America,300
25,34united e-Sports Club,Europe,34U
26,3BL Esports,EMEA,3BL
27,3D Revolution,Europe,3DR
28,3DMAX,Europe,3DMAX
29,3sUP Enterprises,Europe,3sUP
30,404 Multigaming e.V.,EMEA,404
31,42 Gaming,EMEA,42
32,4Elements Esports,Europe,4E
33,4Elements Scuttle Squad,Europe,SSQ
34,4everzenzyg,Europe,4ZE
35,4Kings,Europe,4K
36,4moD,SEA,4moD
37,5 Hydra Esport,Europe,5H
38,5 Ronin,EMEA,5R
39,5 Ronin Academy,Turkey,5R.A
40,5Fox E-Sports Club,Brazil,5Fox
41,6Sense,Latin America,6SN
42,7more7 Black,Europe,77.B
43,7more7 Pompa Team,Europe,PT7
44,7more7 Pompa Team Academy,Europe,7PT.A
45,7more7 White,Europe,77.W
46,7th heaven,Japan,7h
47,7th heaven X,Japan,7hX
48,9z Team,Latin America,9Z
49,A One Man Army,EMEA,AOMA
50,AaB Esport,EMEA,AaB
51,Absolute,Oceania,ABS
52,Absolute Legends,Europe,AL
53,Absolute Legends CZSK,Europe,AL
54,Absolute Legends NA,North America,AL
55,Absolute Legends Netherlands,Europe,AL
56,Absolute Legends Singapore,SEA,AL
57,Absolved,Europe,ABV
58,Absolved Female,Europe,ABV.F
59,Abyss Academy,Oceania,ABY
60,Abyss Esports,Oceania,ABY
61,Abyssal Esport Club,Europe,ABY
62,Acclaim EmpireX,SEA,AEX
63,ACE 1,Latin America,A1
64,AceGaming,EMEA,ACE
65,Acer Green Team,SEA,AGT
66,AceS GaminG,Latin America,ACS
67,Aces High Esports Club,Turkey,AH
68,AceZone e-Sports,Brazil,aZ
69,AcFun e-Sports Club,China,ACF
70,ACTINA PACT,Europe,PCT
71,Action Per Minute,EMEA,APM
72,Action Team eSports,Brazil,ATE
73,Activit-E,EMEA,aVe
74,AD Gaming,China,ADG
75,ad hoc gaming,Europe,AHG
76,ad hoc gaming Gentlemen's Club,Europe,AHG.GC
77,Adive,Europe,Adive
78,Adriatic Wolves,Europe,AW
79,Adverse,EMEA,ADV
80,Aegis,EMEA,AEG
81,Aequilibritas E-Sports,Europe,AeQ
82,Aethernum eSports,Latin America,AET
83,Aethra Esports,Europe,ATR
84,Aethra Esports Academy,Europe,ATR.A
85,Aethra Esports Belgium,Europe,ATR.B
86,Aethra Esports Strijders,Europe,ATR.S
87,affNity,North America,AFN
88,Afro Beast,LMS,AFB
89,Afterglow,EMEA,AGW
90,Aftershock Esports,Turkey,ASE
91,against All authority,Europe,aAa
92,AGD E-Sports,Latin America,AGD
93,AGEM,EMEA,AGEM
94,AGO Gaming,Europe,AGO
95,AGO ROGUE,Europe,RGO
96,Agresiv,LAS,AGV
97,Aguilas Doradas,Latin America,AD
98,ahq e-Sports Club Korea,Korea,ahq.KR
99,ahq eSports Club,PCS,ahq
100,ahq Fighter,LMS,AF
101,ahq Girls,LMS,ahq G
102,ahq Snipers,LMS,ahq S
103,Akademia,Europe,AKD
104,Akademia Hatiego 2,EMEA,AH2
105,AKIHABARA ENCOUNT,Japan,AE
106,Akroma,EMEA,AKR
107,Albus NoX Luna,CIS,ANX
108,Alice Queen,LMS,AQ
109,AlienTech eSports,Europe,ALI
110,Alienware Arena,Korea,AWA
111,Alior Bank Team,EMEA,AB
112,All Combo,China,AC
113,All for One Gaming,EMEA,A41G
114,All Gamers,China,AG
115,All Knights,Latin America,AK
116,Alliance,Europe,ALL
117,Alpaka Esports,Europe,ALP
118,Alpha Esports,PCS,ALF
119,Alpha Sydney,Oceania,AS
120,Alpha Team,LMS,APT
121,Also Known As,North America,AKA
122,ALTERNATE aTTaX,Europe,ATN
123,ALTOKEKW Españita,Europe,OLE
124,Always With Honor,Turkey,AWH
125,Anáhuac Esports,Latin America,ANH
126,aNc Outplayed,EMEA,OP
127,Andes Esports,LAS,AE
128,ANEW Academy,North America,ANW.A
129,ANEW Blaze,North America,ANW.B
130,ANEW Dawn,North America,ANW.D
131,ANEW Esports,North America,ANW
132,ANEW Genesis,North America,ANW.G
133,ANEW Hope,North America,ANW.H
134,ANEW Rising,North America,ANW.R
135,Anexis eSports,Europe,AXS
136,Angry Bats,EMEA,BATS
137,Angry Bats Academy,EMEA,BATS.A
138,Anima,EMEA,ANM
139,Animate eSports,Europe,aN
140,Ankora Gaming,EMEA,ANK
141,ANON,North America,ANON
142,Anorthosis Famagusta Esports,EMEA,ANO
143,Anorthosis Famagusta Esports Academy,Europe,ANO.A
144,Anorthosis Famagusta Esports Revolution,Europe,ANO.R
145,Another Troll Team,Latin America,ANT
146,ANT Gaming,Turkey,ANT
147,Antares Esports,Latin America,ANT
148,Anubis Gaming,EMEA,ANB
149,Anyone's Legend,China,AL
150,Anyone's Legend.Young,China,AL.Y
151,Anzu Esports Club,Latin America,ANZ
152,AOC Gaming,LMS,AOC
153,AOE Gold,North America,AOE
154,Apex Gaming,North America,APX
155,Apex Gigachad,North America,APX.G
156,Apex Pride,North America,APP
157,ApeX R Gaming,Japan,AR
158,APictureOfAGoose,North America,APG
159,Apocalypse e-Sports,EMEA,APO
160,Aqua Force,SEA,AQF
161,Aqualix Esports,North America,AQLX
162,Aquatik Esports,North America,AQTK
163,Aquinas College,North America,AQ
164,Arctic Academy,Europe,ARC.A
165,Arctic Dawn Gaming,Europe,ADG
166,Arctic Gaming,Europe,ARC
167,Arctic Gaming México,Latin America,ARC.M
168,Area of Effect Brady,North America,AOE.B
169,Area of Effect Cope,North America,AOE.C
170,Area of Effect Cows,North America,AOEC
171,Area of Effect Dinka LFGF,North America,AOE.LF
172,Area of Effect Dream,North America,AOE.DR
173,Area of Effect Esports,North America,AOE
174,Area of Effect eSports,North America,AOE
175,Area of Effect Ginger Turmeric,North America,AGT
176,Area of Effect Need Her,North America,AOE.N
177,Area of Effect Not Zoos,North America,AOE.NZ
178,Area of Effect Pump,North America,AOEP
179,Area of Effect Randoms,North America,AOER
180,Area of Effect Soupy Time,North America,AST
181,Area of Effect Vice,North America,AOE.V
182,Area of Effect Will's Kittens,North America,AOE.W
183,Arena Quesito,Europe,AQ
184,Ares Gaming,LMS,AG
185,Aris Esports,Europe,AES
186,Arizona State University,North America,ASU
187,ArmaTeam,Europe,ARMA
188,Armored Project,SEA,AP
189,Armoured Brothers,MENA,ARMB
190,Arsenal,North America,ASN
191,AS Esports,Vietnam,ASE
192,As Gordinhas,Brazil,AS G
193,AS Trenčín esports,Europe,AST
194,Ascension Gaming,SEA,ASC
195,Ascentia Gaming,Europe,ASCG
196,ASD Atlas,Europe,ATL
197,ASP Esports,Europe,ASP
198,Assassin Sniper,LMS,AS
199,Aston eSports,CIS,Aston
200,Astral Authority,North America,AA
201,Astralis,EMEA,AST
202,Astralis SB,Europe,ASB
203,Astralis Talent,Europe,ASTL
204,ASURA,Korea,ASR
205,Asura eSports,Europe,ASR
206,ASUS ROG Army,Europe,ASUS
207,ASUS ROG ELITE,Europe,ASUS
208,ASUS ROG Female,Europe,ASUS.F
209,AT Gaming,Europe,AT
210,Atheris Esports,Latin America,ATH
211,Athletico Esports,Oceania,ATH
212,Atlando Esports,Europe,ATL
213,ATLAS eSports Team,Turkey,ATL
214,Atleta Esport,EMEA,ATE
215,Atleta Esport Academy,EMEA,ATE.A
216,Atletec,EMEA,ATL
217,Atomic México,Latin America,MC2
218,ATR esports,Europe,ATR
219,ATR esports Denmark,Europe,ATR
220,Aurelius Esports,Latin America,AU
221,Aurora,EMEA,ARA
222,Australs,Latin America,AUS
223,Austrian Force willhaben,EMEA,AFW
224,Authority E-sports,LAN,AES
225,Auxesis Esports,EMEA,AUX
226,Auxesis Green,Europe,AUX.G
227,Auxesis Red,Europe,AUX.R
228,AVANGAR,CIS,AVN
229,Avant Academy,Oceania,AVA
230,Avant Gaming,Oceania,AV
231,Avant Garde Ascension,Oceania,Av.A
232,Avant Garde Redemption,Oceania,Av.R
233,AVEZ Esport,Europe,AVE
234,Avia Deceptor,Europe,ADE
235,AVIXD,North America,AVI
236,Aware Gaming,North America,AG
237,Away from Normal,EMEA,AFN
238,Awesome,Korea,AWE
239,Awesome Spear,Korea,ASP
240,Awesome Spear Academy,Korea,ASP.A
241,Awsomniac,Europe,AwS
242,Axis Empire,SEA,AXE
243,AXIZ,Japan,AXZ
244,AXIZ Academy,Japan,AXZ.A
245,Axolotl,EMEA,AXL
246,Axolotl Academy,Europe,AXL.A
247,AYM Esports,EMEA,AYM
248,AZIO Black,North America,AZIO.B
249,AZIO eSports,North America,AZIO
250,AZIO White,North America,AZIO.W
251,Azubu Blaze,Korea,AZB
252,Azubu Frost,Korea,AZF
253,Azules Esports,Latin America,UCH
254,Azules Esports Academy,Latin America,UCH.A
255,Azure Cats,North America,AC
256,Baby Whales,Vietnam,BW
257,Back2TheGame Outlaws,EMEA,B2TG
258,Ban Karma Gaming,Brazil,BKG
259,Bandits Gaming,Latin America,BAN
260,Bangkok Titans,SEA,BKT
261,Barça eSports,EMEA,BAR
262,Barcelona BG,Latin America,BBG
263,Barrage,Europe,BRG
264,Barrage Academy,Europe,BRG.A
265,Barrage Esports Retirement Home,Europe,BRG RH
266,Barrage.NA,North America,BRG
267,Bastards Esports,EMEA,BE
268,Bastille Legacy,Europe,BTL
269,Bastu Five,EMEA,B5
270,Bawk Bawk,North America,BAWK
271,Bay State College,North America,BSC
272,bbq Olivers,Korea,bbq
273,BCN Squad,Europe,BCN
274,Beast Esports,Latin America,BST
275,Beast Mode,LAS,B.Mode
276,beGenius ESC,EMEA,BGN
277,Belfast Storm,Europe,BSG
278,Bencheados,Latin America,BEN
279,Benched Gaming,Europe,BENC
280,Benelux United,EMEA,BLX
281,Berjaya Dragons,PCS,BJD
282,Berlin International Gaming,EMEA,BIG
283,Berlin International Gaming Chroma,EMEA,BIG.C
284,Beşiktaş Academy,Turkey,BJK.A
285,Beşiktaş Esports,EMEA,BJK
286,Besiktas Esports Female,Europe,BJK.F
287,Beşiktaş.Oyun Hizmetleri,Turkey,BJK.OH
288,Bethany Lutheran College,North America,BLC
289,Beyond Gaming,PCS,BYG
290,Beyond Gaming Academy,PCS,BYG.A
291,Beyond The Rift,Europe,BTR
292,Bifrost,Europe,BFR
293,Bifrost White,EMEA,BFR.W
294,Big Duck Energy,North America,BDE
295,Big Gods,Brazil,BGG
296,Big Gods Jackals,North America,BGJ
297,Big One Gaming,China,BJO
298,Big Plays Incorporated,Turkey,BPI
299,Bigetron E-Sports,SEA,BGES
300,Bigfile Miracle,Korea,BFM
301,Bilibili Gaming,China,BLG
302,Bilibili Gaming Junior,China,BLGJ
303,Bionic,Europe,BNC
304,Bis Esports,EMEA,BIS
305,BISONS ECLUB,EMEA,BSO
306,BK ROG Esports,EMEA,BKR
307,Black Eagles,LAS,BK
308,Black Lion,EMEA,BL
309,Black Panthers eSports,Europe,BP
310,Black Star Gaming,CIS,BSG
311,Blackbean,SEA,BB
312,BLACKLIST,North America,BLK
313,Blade Edge,EMEA,BDG
314,BloodRain-Gaming,Europe,BRG
315,Bloody Gaming,North America,BDY
316,Bloody Wolves,Europe,BW
317,BloodyDevils,Europe,BD
318,Blue Esports,North America,BLU
319,BlueWhites,EMEA,BW
320,Boavista FC,EMEA,BFC
321,Boba Marines,SEA,BM
322,Boca Juniors Gaming,Latin America,BOC
323,Bogged,North America,BOG
324,Boise State University,North America,BSU
325,Bombers,Oceania,BMR
326,Bombers Academy,Oceania,B52
327,BOOM Esports,PCS,BME
328,Born to Kill,LAS,B2K
329,Boutgamers sexy edition,EMEA,BGse
330,BowQen Blackbucks,Japan,BQB
331,BPZ,Korea,BPZ
332,Brave e-Sports,Brazil,BRV
333,Braves Rising,Latin America,BRR
334,BrawL eSports,LAN,BWL
335,BrawL.NA,North America,BWL
336,Bren Esports,SEA,BRE
337,Bring It On,Latin America,BIO
338,BRION,Korea,BRO
339,BRION Academy,Korea,BRO.A
340,BRION Challengers,Korea,BRO.C
341,Brussels Guardians,Europe,BG
342,Brussels Guardians Academy,Europe,BG.A
343,BRUTE,EMEA,BRT
344,BRUTE Talents,Europe,BRT.T
345,Bucks Vipers,Europe,VIP
346,BUFF,LMS,BUFF
347,Buff Katarina,North America,KAT
348,Bulldog Esports,Europe,BDG
349,Bullets eSports,LAS,BLT
350,Burger Flippers,Europe,BGF
351,Burning Core,Japan,BC
352,Burning Core Academy,Japan,BC.A
353,Bursaspor Academy,Turkey,BS.A
354,Bursaspor Esports,Turkey,BUR
355,Burst The Sky Esports,Vietnam,SKY
356,BuzzKill,Europe,BK
357,Byteway Esports,EMEA,BWE
358,Cal Esports,North America,CAL
359,Call Gaming,North America,CG
360,Campus Party Sparks,Europe,SPK
361,Capital Esports,SEA,CAP
362,Carleton University,North America,CU
363,Carpe Diem,CIS,CD
364,Case Esports,EMEA,CASE
365,CASLA Esports,Latin America,SL
366,Cattleya Gaming,Latin America,CTG
367,CB Gaming,North America,CB
368,CBS Esports,Europe,CBS
369,CC Club,China,CC
370,CCfuture,China,CCF
371,CCG Esports,North America,CCG
372,Celestial Gaming,Europe,CG
373,CenturySoft,LMS,CSoft
374,Cerberus e-Sports Club,Europe,cBs
375,Cerberus eSports,North America,CRB
376,CERBERUS Esports,Vietnam,CES
377,Chaotic Fusion,North America,CEF
378,Charlotte Phoenix,North America,CLT
379,Cheetahs,LMS,CHT
380,Cherry Esports,Vietnam,CR
381,Chi Army,Latin America,CHI
382,Chicks Dig Elo,North America,CDE
383,Chiefs Academy,Oceania,CHFA
384,Chiefs Esports Club,PCS,CHF
385,Chienhsin Bear (健行熊),PCS,UCH
386,ChiLeanFivE,LAS,CL5
387,ChiLeanFivE Hopes,LAS,CL5.H
388,ChiLeanFivE The Legacy,LAS,CL5.L
389,Chilli Esport,EMEA,CHIL
390,Chilly Mountain Chipmunks,North America,CMC
391,Chilly Mountain Wolves,North America,CMW
392,China e-Sports Academic,China,CEA
393,Chivas Esports,Latin America,CHI
394,Chong Qing Gaming,China,CQG
395,Chungnam Juego Esports,Korea,CNJ
396,Chunnam Techno University,Korea,CTU
397,Cidade Curiosa Esports,Europe,CCS
398,Cienciano Esports,Latin America,CCC
399,ÇİLEKLER,Turkey,CLK
400,Cincinnati Fear,North America,FEAR
401,CJ Entus,Korea,CJ
402,CJ Entus Blaze,Korea,CJB
403,CJ Entus Frost,Korea,CJF
404,Cleary University,North America,CU
405,Cleveland State University,North America,CSU
406,CLG Academy,North America,CLG.A
407,CLG Black,North America,CLB
408,CLG Challengers,North America,CLGC
409,CLG Faith,North America,CLGF
410,CLN Vipers,Europe,CLN.V
411,Cloud9,North America,C9
412,Cloud9 Academy,North America,C9.A
413,Cloud9 Amateur,North America,C9.Am
414,Cloud9 Challenger,North America,C9C
415,Cloud9 Challengers,North America,C9C
416,Cloud9 Eclipse,Europe,C9E
417,Cloud9 Tempest,North America,C9T
418,CLUB Activist,LMS,ACT
419,Club Deportivo Municipal,Latin America,CDM
420,Clutch Gaming,North America,CG
421,Clutch Gaming Academy,North America,CG.A
422,CNB e-Sports Club,Brazil,CNB
423,CNB Infinity,Brazil,CNBI
424,CNJ Esports,Vietnam,CNJ
425,COGnitive Gaming,North America,COG
426,Coliseo Dragons,Latin America,CdR
427,Colorado State University,North America,CSU
428,Columbia College,North America,CC
429,Comanche,CIS,CMCE
430,Comando Élite,Europe,CE
431,compLexity Academy,North America,CLA
432,compLexity Gaming,North America,COL
433,compLexity.Black,North America,CLB
434,compLexity.Red,North America,CLR
435,compLexity.White,North America,COW
436,Connecting Esports,EMEA,CE
437,Connecting Esports LYVT,Europe,LYVT
438,CONQUEROR Gaming,North America,CQR
439,Contingent Esports,North America,CON
440,Converse University,North America,CU
441,Convict of Shadows,EMEA,CoS
442,ConViction,North America,CV
443,ConViction Moon,North America,CV.M
444,ConViction Sun,North America,CV.S
445,Copenhagen Flames,Europe,CF
446,Copenhagen Wolves,Europe,CW
447,Copenhagen Wolves Academy,Europe,CWA
448,Corax Gaming,Europe,CX
449,Córdoba Patrimonio eSports,EMEA,CPH
450,Core Dynamic,Europe,CDY
451,COS City Hawk (城市蒼鷹),PCS,TPCU
452,Coscu Army,Latin America,CA
453,Cosmic Vipers,North America,CV
454,Cosmic Wolf Esports,North America,CW
455,Cougar E-Sport,LMS,CGE
456,Could Be Better,Europe,CBB
457,Counter Counter Clockwise,Europe,CCC
458,Counter Logic Gaming,North America,CLG
459,Counter Logic Gaming Europe,Europe,CLG.EU
460,cowana Gaming,Europe,COW
461,CowBoySquad Imperials Esports,Europe,CBI
462,CowBoySquad Imperials Esports Academy,Europe,CBI.A
463,CPLAY,EMEA,CP
464,CR4ZY,Europe,C4
465,Cream Esports,Latin America,CRM
466,Cream Real Betis,Europe,BTS
468,Cremas Esports,Latin America,CRE
469,Crest Gaming Act,Japan,CGA
470,Crest Gaming Act Academy,Japan,CGA.A
471,Crew e-Sports Club,Turkey,CEC
472,Crimson Gaming,Oceania,CRM
473,CrossGaming,LMS,CG
474,CrowCrowd,CIS,CC
475,Cruzados Esports,Latin America,UC
476,Cruzeiro Academy,Brazil,CRZ.A
477,Cruzeiro eSports,Brazil,CRZ
478,Crvena zvezda Esports,EMEA,CZV
479,Crypto Esports,Europe,CRY
480,Crypto Esports.CIS,CIS,CRY
481,Cryptova,EMEA,OVA
482,Crystal Cave Gaming Emerald,North America,CCGE
483,CSG Gaming,LAN,CSG
484,CST Team (幼華戰龍),PCS,CST
485,CTBC Flying Oyster,PCS,CFO
486,CTRL PLAY,CIS,CPT
487,CTRL PLAY Academy,CIS,CPT.A
488,CTU Pathos,Korea,CTU P
489,Cube Adonis,Vietnam,ADN
490,Curse Academy,North America,CA
491,Cursed Rage,LAS,CSR
492,CUT Esports,MENA,CUT
493,Cyber Gamer e-Sports,Brazil,CGE
494,Cyber Gaming,Europe,CG
495,Cyber Gaming Academy,Europe,CG.A
496,Cyber Wolves,EMEA,CWE
497,Cyberground Gaming,EMEA,CGG
498,Cyberground Gaming Academy,Europe,CGG.A
499,Cyborg Factory,Europe,CGF
500,Cycle Esports,MENA,CYL
501,Cyclone,Japan,CL
502,Cyzone,SEA,CYZ
503,Czas na zasady,Europe,CNZ
504,Czeska Husaria,Europe,CZH
505,D-City Gaming Stars,Europe,DCG
506,D-City Gaming Stars Gold,Europe,DCG.G
507,D7G Esports Club,China,D7G
508,Da Dancing Demons,Latin America,D3
509,Dadslammers,North America,DAD
510,Dai Dai Gaming,Brazil,DaiDai
511,DAN Gaming,China,DAN
512,Dare Black,North America,DARE.B
513,Dare Gaming,North America,DARE
514,Dare White,North America,DARE.W
515,Dark Allegiance,North America,DA
516,Dark Crows,Latin America,DCR
517,Dark Horse,Latin America,DHX
518,Dark Matter,North America,SNDM
519,Dark Passage,EMEA,DP
520,Dark Passage Academy,Turkey,DP.A
521,Dark Passage White,Turkey,DPW
522,Dark Quality,Latin America,DQT
523,Dark Tigers,Europe,DTG
524,Dark Tigers Academy,Europe,DTG.A
525,Dark Wolves,Korea,DW
526,Dark Zone,Europe,DZ
527,Darkness Eagles Esports,LAN,DEGs
528,DarkSpawn Gaming,Europe,DSG
529,DarlingYou,LMS,DLY
530,Dash9 Gaming,LAN,D9
531,Dawn Esports,North America,DWN
532,Dawn Esports Blaze,North America,DWNB
533,Dawn Esports Quake,North America,DWNQ
534,Dawn Esports Shock,North America,DWNS
535,Dawn of Stars,Europe,DoS
536,DayDreamers,Europe,DD
537,Dead Rabbits Club,Europe,DR
538,Deep Cross Gaming,PCS,DCG
539,Defenders (防衛者),LMS,DFD
540,DeftCarry,LMS,DEFT
541,Defusekids,Europe,DK
542,Dejice,Europe,Dejice
543,Deliverance Esports,Latin America,DVE
544,Deliverance Esports Peru,Latin America,DVE.P
545,Delta Five,Europe,DT5
546,Delta Fox,North America,DFX
547,DELTALAND,EMEA,DLT
548,Demise,Europe,DMS
549,Demise Academy,Europe,DMS.A
550,Demolition Falcons,Europe,DF
551,DengKaiLi Game Team,China,DKL
552,Denial eSports,North America,DNL
553,Denial eSports.East,North America,DNL.E
554,Denial eSports.Europe,Europe,DNL.EU
555,Departed,Europe,DPD
556,Depor Cali Legends,Latin America,DCL
557,Des Moines DMG,North America,DMG
558,Descuydado Aucas Esports,Latin America,DSC
559,Destined For Glory,North America,DFGL
560,Determined Gaming,North America,DTG
561,DetonatioN FocusMe,Japan,DFM
562,DetonatioN FocusMe Academy,Japan,DFM.A
563,DetonatioN Rising,Japan,DNR
564,DeToNator,Japan,DTN
566,devils.one,EMEA,DV1
567,Dewish Team,PCS,DWT
568,Dexterity Team,Brazil,deX
569,Diablo Chairs,Europe,DC
570,Diabolus Esports,Europe,DBL
571,Diamant Esports,EMEA,DIA
572,Diamond Doves,Latin America,DD
573,Diamond Team,SEA,Diamond
574,Different Dimension,Europe,DD
575,Different Dimension Blue,Europe,DD B
576,Digital Paradox,Europe,DGPX
577,Dignitas,North America,DIG
578,Dignitas Academy,North America,DIG.A
579,Dignitas Challengers,North America,DIGC
580,Dignitas Mirage,North America,DIG.M
581,Dimegio Club,Europe,DMG
582,Dinka Never Homeless Again,North America,DNHA
583,Dire Cubs,Oceania,DC
584,Dire Wolves,PCS,DW
585,Direct Rising eSports,EMEA,DRE
586,Dirt Nap Gaming,North America,DNG
587,Disguised,North America,DSG
588,Divine Vendetta,MENA,DV
589,DIVIZON,EMEA,DIV
590,DJ Team (稻江哈士奇),PCS,DJT
591,DK Crew,North America,DK
592,DKB Diamonds,EMEA,DKB
593,DnH Advance,LAN,DnH.ADV
594,Dolphins,CIS,DOL
595,Dom Spokojnej Starości,Europe,DSS
596,Domino Computer,EMEA,DCT
597,Domino esports,EMEA,DMN
598,Dominus Esports,China,DMO
599,Dominus Esports Young,China,DMOY
600,Domme Jongens,Europe,DOM
601,DomoSoCute,LMS,DSC
602,Double Crunch Team Italy,Europe,DCTI
603,DoubleBuff,North America,DBB
604,Douyin Tony Top,North America,DTT
605,Doxa Gaming,Europe,DOXA
606,DP5 Makios,Latin America,DP5M
607,Dplus Esports Academy,Korea,DEA
608,Dplus KIA,Korea,DK
609,Dplus KIA  Academy,Korea,DK.A
610,Dplus KIA Challengers,Korea,DK.C
611,Dragon Army,CIS,DA
612,Dragon Army Academy,CIS,DA.A
613,Dragon Gate Team,LMS,DG
614,Dragon Team,CIS,Dragon
615,DragonBorns,Europe,DB
616,Dragonfly Gaming,Japan,DFG
617,Dragons E.C.,Europe,DRG
618,Dramatik Gaming,North America,DRMTK
619,Dramatik Royal,North America,DKR
620,Dream Catcher Gaming,LMS,DCG
621,Dream or Reality,LMS,DoR
622,Dream Team,North America,DT
623,Dream VGirls,China,DVG
624,DreamCatcher,China,DC
626,DREN Esports,EMEA,DREN
627,Dropz Esports,Europe,DRZ
628,Druidz E-Sport Europe,Europe,Druidz EU
629,DRX,Korea,DRX
630,DRX Academy,Korea,DRX.A
631,DRX Challengers,Korea,DRX.C
632,DS Gaming,China,DS
633,Dsyre Esports,EMEA,DSYR
634,Duck In a Box,SEA,DIAB
635,Ducks on Fire,LAN,DoF
636,Dulcet Essence,SEA,eS
637,Dusty,Europe,DY
638,Dutch Community Team,EMEA,DCT
639,Dylema Gaming,Latin America,DYL
640,Dynamo Eclot,EMEA,DNE
641,Dynamo Eclot Academy,Europe,DNE.A
642,Dynamo Esports,Europe,DNM
643,Dynasty,EMEA,DYN
644,Dynasty Academy,Europe,DYN.A
645,Dynasty Gaming,LAS,DNS
646,Đạt Gaming,Vietnam,DG
647,E WIE EINFACH E-SPORTS,EMEA,EWI
648,e-Champ Gaming,Brazil,ECG
649,E-corp Gaming,Europe,EC
650,E-corp Gentle,Europe,ECG
651,e-Meryci,Europe,eM
652,e-mFire,Korea,EMF
653,E-nsane Gaming,EMEA,E-NS
654,e-Sports Dragons Pro,LMS,EDP
655,e.Hub United,SEA,EHU
656,e.o.s Gaming,SEA,EOS
657,E9Sports,MENA,E9S
658,Eanix,North America,ENX
659,Earth Revolution Gaming,EMEA,ERG
660,EAS Team ESCA Gaming,Europe,EAS
661,Eat Sleep Game,Korea,EAT
662,EBD LEGENDs,LMS,EBD
663,EBRO,Latin America,EBG
664,Echo Fox,North America,FOX
665,Echo Fox Academy,North America,FOX.A
666,Eclipse Gaming,Latin America,ECG
667,Eclypsia,Europe,EC
668,Eclypsia.Luna,Europe,EC
669,ECORP,EMEA,ECP
670,Edelweiss Europe,Europe,EDW.EU
671,EDG Youth Team,China,EDGY
672,EDward Esports,China,EDE
673,EDward Gaming,China,EDG
674,eEriness,Europe,eE
675,EFIVE Esports,Europe,E5
676,EFS,Korea,EFS
677,EGN Esports,EMEA,EGN
678,EGN Esports Academy,Europe,EGN.A
679,Ego Geniuses,North America,EGO
680,EGZ Esports,MENA,EGZ
681,EHOME,China,EHOME
682,Eintracht Frankfurt,EMEA,SGE
683,Eintracht Spandau,EMEA,EINS
684,eKoVy,Europe,EKV
685,ELaB x EXP,Korea,EXP
686,Elan DEspoir,Europe,EDE
687,Element Mystic,Korea,EM
688,Elementalist,EMEA,EL
689,Elementaries Esport Club,Europe,ELMT
690,Elements,Europe,EL
691,Elements Pro Gaming,CIS,EPG
692,Elite Masters,LAS,eM
693,Elite Wolves,LAN,EW
694,EloHell,Europe,EH
695,ELR Gaming,Latin America,ELR
696,ELROY Gaming,Korea,ELG
697,Elyandra Esport,EMEA,EYA
698,Elysium Gaming,Europe,ELY
699,Ember,North America,MBR
700,Emissary Esports,North America,EMS
701,eMonkeyz,Europe,EMZ
702,Emperor Gaming,EMEA,ERG
703,Emprox,Oceania,EMP
704,Empyreans,North America,EMPY
705,ENCE,Europe,ENCE
706,Enclave,Europe,ENC
707,ENEMI3S,EMEA,NM3
708,Enemy,North America,NME
709,Energy Pacemaker,China,EP
710,Energy Pacemaker.All,China,EPA
711,Energy Pacemaker.Carries,China,EPC
712,Energy Pacemaker.YCSM,LMS,EP.Y
713,Enix Esports,CIS,ENIX
714,eNsure,Europe,eN
715,Entropiq,EMEA,EIQ
716,EPIC-DUDES,EMEA,ED
717,Epik Gamer,North America,EPIK
718,Epiphany Bolt,Europe,EB
719,Epsilon Esports,Europe,EPS
720,ERKO Esports,EMEA,ERKO
721,ES Sharks,Korea,ESS
722,ESC Ever,Korea,ESC
723,ESC Gaming,Europe,ESC
725,ESC Gaming Europe,Europe,ESC EU
726,ESC Gaming Omega,Europe,ESC
727,ESC Shane,Korea,ESC
728,ESCORT P9,Europe,P9
729,ESCORT P9 Academy,Europe,P9.A
730,Espectro eSports,Europe,EPT
731,Espergærde eSport,EMEA,ESP
732,Esport Academy,Europe,EAC
733,Esport Empire,Europe,EE
734,eSport Rhein-Neckar,Europe,ERN
735,Esport STUBA,EMEA,STU
736,Esports Academy,Europe,EAC
737,ESports Connected,Korea,ESC
738,eSports Nord e.V.,EMEA,Nord
739,Esports Performance Center,Europe,EPC
740,Estadio Quesito,Europe,EQ
741,eStar,China,ES
742,eStar Young,China,ESY
743,Estonian Vipers,EMEA,EV
744,Estoril Praia eSports,Europe,EPE
745,ESTORM,Latin America,STM
746,Estral Esports,Latin America,EST
747,Estúdio XP e-Sports,Brazil,EXP
748,eSuba,EMEA,ESB
749,eSuba Academy,EMEA,ESB.A
750,ESUG Ultimate Five Feeder,EMEA,UFF
751,Et cetera,Europe,ETC
752,Eternal Fire,EMEA,EF
753,Eternals Gaming,Latin America,ESG
754,Eternity Gaming,Europe,EG
755,Ethernum Esports,Latin America,ETN
756,eUnited,North America,EUN
757,EURONICS Gaming,Europe,ESG
758,Europe Saviors Anonymous,Europe,EUS.A
759,Europe Saviors Club,EMEA,EUS
760,Ever8 Winners,Korea,EEW
761,Evil Geniuses,North America,EG
762,Evil Geniuses Academy,North America,EG.A
763,Evil Geniuses Challengers,North America,EGC
764,Evil Geniuses Prodigies,North America,EG.P
765,Evil Geniuses.EU,Europe,EG
766,Evilvice Esports,Latin America,EVV
767,Evolve,Europe,EVO
768,EVOPLAY,Europe,EVO
769,EVOS Esports,Vietnam,EVS
770,Ex Nihilo,Europe,EXN
771,exceL Academy,Europe,xL.A
772,Excel Esports,EMEA,XL
773,Excess Success,Europe,ES
774,eXeAt eSports Club,LAS,eXeAt
775,exeed,EMEA,EXD
777,Exgs,SEA,Exgs
778,Exile,SEA,Exile
779,EXILE esports,EMEA,EXE
780,Exilium Gaming,Latin America,ExG
781,Exilium Hunters,Latin America,TEX
782,eXtatus,Europe,EXT
783,eXtreme Divide e-Sport Team,LMS,eMD
784,eXtreme Divide ExeCuTioNeR,LMS,eMD.E
785,Extreme Team,Europe,ET
786,EYES ON U,Europe,EOU
787,EYES ON U Europe,Europe,EOU.EU
788,Eyeshield Gaming,Europe,EYE
789,F-Soul Esports,LMS,FS
790,F3VP,North America,F3VP
791,Fact Revolution,Europe,Fact
792,Falafel Gaming,North America,FLFG
793,Falcon E-Sports,Europe,FLN
794,Falcons,EMEA,FAL
795,FALKN,EMEA,FLK
796,Falkol,Brazil,FKL
797,Falkol Academy,Brazil,FKL.A
798,Falkol Storm,Brazil,STM
799,Fallen Gods,Europe,FG
800,False Facade Gaming,North America,FF
801,Fanshawe College,North America,FC
802,Fantasy Gaming,Latin America,FSY
803,Far East Eagle (遠大鷹),PCS,FEU
804,Fatal Ambition,Latin America,FTA
805,FC Nantes Esports,EMEA,FCN
806,FC Schalke 04 Esports,EMEA,S04
807,FC Schalke 04 Evolution,Europe,S04E
808,Feel our Skill Female,Europe,FoS.F
809,Feint Gaming,Latin America,FNT
810,FEN1X eSports,Europe,F1X
811,Fenerbahçe Academy,Turkey,FB.A
812,Fenerbahçe Esports,Turkey,FB
813,FENNEL,Japan,FNL
814,FENNEL Academy,Japan,FL.A
815,Fenris eSports Academy Blue,Europe,FES
816,Fervent Esports,SEA,FV
817,FH eSports,Europe,FH
818,Fiction eSports,North America,FCN
819,Fidelis,North America,FD
820,Final Five,North America,F5
821,Finetwork KOI,EMEA,FNK
822,Fire Dragoon Esports,SEA,FDG
823,Fireball,LMS,FBL
824,First Blood Crusade,North America,FBC
825,Fish Dive Team,LMS,FD
826,Fisher College,North America,FC
827,Fission Esports,North America,FIS
828,Five Kings,Europe,5K
829,Flama Esports,Europe,FL
830,Flamengo Academy,Brazil,FLA.A
831,Flamengo Esports,Brazil,FLA
832,Flash Husky,LMS,FH
833,Flash Wolves,LMS,FW
834,Flash Wolves Junior,LMS,FWJ
835,Flashdive,SEA,FD
836,Flayn eSports,Europe,FYN
837,Flayn eSports CZSK Edition,Europe,FYN.CZ
838,Florida Southern College,North America,FSC
839,Florida State Esports Garnet,North America,FSU
840,Fløng Esports Elite,Europe,FLG.E
841,Fluffy Tail,Europe,FT
842,Fluxo,Brazil,FX
843,Fluxo Academy,Brazil,FX.A
844,FLY FAM,North America,FLYF
845,Fly5,EMEA,FLY5
846,Fly5 Academy,EMEA,F5.A
847,FlyQuest,North America,FLY
848,FlyQuest Academy,North America,FLY.A
849,FlyQuest Challengers,North America,FLYC
850,FM eSports,Europe,FM
851,Fnatic,EMEA,FNC
852,Fnatic Academy,Europe,FNC.A
853,Fnatic Rising,Europe,FNC.R
854,Fnatic TQ,EMEA,FNTQ
855,For The Win,LMS,FOR
856,For The Win Esports,EMEA,FTW
857,Force of Nature,LAS,FON
858,Forger Esports,LMS,FGE
859,Formulation Gaming,EMEA,FMG
860,Fortius,SEA,Fortius
861,Fortress Esports,Europe,FTS
862,Fourth Wall,EMEA,4W
863,Fox B,Korea,Fox B
864,Fox Gaming,EMEA,FXG
865,FPT Hanoi,Vietnam,FPTHN
866,FPT Ho Chi Minh,Vietnam,FPTHCM
867,Frag eXecutors,Europe,Fx
868,Fram Reykjavík Esports,Europe,FRAM
869,Frank Esports,PCS,FAK
870,Frank Fang Gaming,North America,FFG
871,Fraternitas,Europe,FTS
872,Freedom Dive,LAS,FDV
873,FreePi,Europe,FIP
874,French Bees,EMEA,FB
875,Freshsterious,Europe,FRS
876,Friends Forever Gaming,Vietnam,FFQ
877,FROM ZERO TO HERO,Europe,Z2H
878,Frost Aura,North America,FA
879,FrostFire,North America,FF
880,FroztFire Team,Latin America,FzF
881,Fruition Esports,North America,FRE
882,FTV Esports,Vietnam,FTV
883,Fuego,Latin America,FUE
884,Fugitive Gaming,North America,FUG
885,Fukuoka SoftBank HAWKS gaming,Japan,SHG
886,Fukuoka Softbank HAWKS gaming Academy,Japan,SHG.A
887,Full Louis,SEA,FL
888,Full Spectrum,North America,FS
889,Fullclear Esports,EMEA,FC
890,FunPlus Phoenix,China,FPX
891,FunPlus Phoenix Blaze,China,FPB
892,FURIA,Brazil,FUR
893,FURIA Academy,Brazil,FUR.A
894,Furious Gaming,Latin America,FG
895,Furious Gaming Academy,Latin America,FG.A
896,Furious Gaming Argentina,Latin America,FG.AR
897,Furious Gaming Chile,Latin America,FG.CL
898,Furious Gaming Red,LAS,FGR
899,FUT Esports,EMEA,FUT
900,Future Perfect,CIS,FP
901,Future Perfect Azure,CIS,FPA
902,Future Perfect Blue,CIS,FPB
903,Future Perfect Demacia,CIS,FPD
904,Future Perfect Ionia,CIS,FPI
905,Future Perfect Noxus,CIS,FPN
906,Future Perfect Orange,CIS,FPO
907,Future Perfect Purple,CIS,FPP
908,Future Perfect UA,CIS,FPU
909,Future Perfect Zaun,CIS,FPZ
910,FXOpen e-Sports,North America,FXO
911,Fylkir Esports,Europe,FYL
912,G-Pride,Latin America,GP
913,G-Rex,PCS,GRX
914,G-Rex Infinite,LMS,GRI
915,G2 Arctic,Europe,G2AR
916,G2 Esports,EMEA,G2
917,G2 Hel,EMEA,G2H
918,G2 Heretics,Europe,G2H
919,G2 Vodafone,Europe,G2V
920,g3nerationX,Brazil,g3x
921,Gaia Esports,Europe,GE
922,Galactic Gamers,LAN,GLG
923,Galakticos,EMEA,GAL
924,Galakticos Academy,Turkey,GAL.A
925,Galatasaray Academy,Turkey,GS.A
926,Galatasaray Esports,Turkey,GS
927,Galaxy Racer Esports EU Female,Europe,GXR.EU
928,Galaxy Racer Esports EU Male,Europe,GXR
929,Galaxy Racer Esports MENA Female,EMEA,GXR
930,Galaxy Racer Esports MENA Male,MENA,GXR
931,GAM Esports,Vietnam,GAM
932,Gama Dream,China,GD
933,Gama E-Sport Dream (伽马电子竞技),China,GED
934,Gamania Bears,LMS,GAB
935,Gambit Esports,CIS,GMB
936,Gambit Gaming,Europe,GMB
937,Game Changers,Europe,GC
938,Game Coach Academy,Korea,GCA
939,Game Talents,China,GT
940,Gameburg Team,Europe,GBT
941,GameEkstra,Turkey,GE
942,Gamefy,China,GFY
943,gamehoppers.eu,Europe,gh
944,Gameplay DNA,Europe,DNA
945,GamerLegion,EMEA,GL
946,Gamers2,Europe,G2
947,GamersOrigin,Europe,GO
948,GamersOrigin Academy,Europe,GO.A
949,Gamespace Mediterranean College Esports,EMEA,GSMC
950,GameWard,EMEA,GW
951,GameWard Academy,Europe,GW.A
952,Gaming Gaming,Latin America,GG
953,Gaming Team Kravaře,Europe,GTK
954,Gaminggear.EU,CIS,GG.EU
955,Gamtee,China,GT
956,GashBears,LMS,GB
957,GC Busan (2020 Korean Team),Korea,GCB
958,GC Busan Ascension,Korea,GCA
959,GC Busan Rising Star,Korea,GCB
960,Geekay Esports,EMEA,GK
961,GeekCase eSports,EMEA,GCE
962,GeekSide Esports,Latin America,GSE
963,Gen.G,Korea,GEN
964,Gen.G Academy,Korea,GEN.A
965,Gen.G Global Academy,Korea,GEN.GA
966,Genbu Gaming,Latin America,GNGG
967,Genius Esports,Vietnam,GE
968,Gentlemen's Academy,Europe,GG.A
969,Gentlemen's Gaming,Europe,GGM
970,Gentside,Europe,Gent
971,George Mason University,North America,GMU
972,German Pingus,Europe,PNGU
973,GF-Gaming,Europe,GF
974,GG Call Nash,Europe,GG CN
975,GG Esports Academy,North America,GGEA
976,GG&amp;Beer,Europe,GG
977,GGEsports,EMEA,GGE
978,GGEsports Academy,Europe,GGE.A
979,Giants,EMEA,GIA
980,Giants Academy,Europe,GIA.A
981,Giants Gaming,Europe,GIA
982,Gifted Gaming,Europe,GFTD
983,Ginger Turmeric,North America,GTC
984,Girlfriends,North America,GFS
985,GJR,Korea,GJR
986,Glacial Phoenix,CIS,GPX
987,Glacial Red,North America,GR
988,Glaive Esports Prime,North America,GLV
989,Globant Emerald,Latin America,GET
990,GLORE,EMEA,GLR
991,Glorious Gaming,Europe,GG
992,Glorious Gaming Belgium,Europe,GG.BE
993,GnG Esports,EMEA,GnG
994,Go To Sleep,SEA,GTS
995,Goat Esports,Latin America,GOT
996,God's Plan,Latin America,GDP
997,Gödel Gamers,North America,GODL
998,Godlike Goats,Latin America,GLG
999,Godsent,Europe,GOD
1000,GOEXANIMO,Europe,GOEX
1001,Gold Coin United,North America,GCU
1002,Gold Gaming LA,North America,GG
1003,Golden Guardians,North America,GG
1004,Golden Guardians Academy,North America,GG.A
1005,Golden Guardians Challengers,North America,GGC
1006,Good Game Esport,Europe,GGE
1007,Good Team Multigaming,CIS,GTM
1008,Goose Gaming,North America,GOOS
1009,Goskilla,EMEA,GSK
1010,Grand View University,North America,GVU
1011,Granit Gaming,Europe,GRNT
1012,Gravitas,Oceania,GRV
1013,Gravitas Academy,Oceania,GRVA
1014,Gravity,North America,GV
1015,Gravity Elite,Latin America,GVE
1016,Greek Regenesis eSports,Europe,GRE
1017,Griffin,Korea,GRF
1018,Grim Ravens,Europe,GR
1019,Gripen Esport,Europe,GRP
1020,Groovy Gaming,LAN,Groovy
1021,GrosBill Esport,Europe,GB
1022,Ground Zero Gaming,PCS,GZ
1023,Grow uP eSports,EMEA,GuPE
1024,Grow uP Girls EU,Europe,uP EU
1025,Grypciocraft Esports,EMEA,GRP
1026,GSG,Korea,GSG
1027,GSI Gaming,Europe,GSI
1028,GTZ Esports,EMEA,GTZ
1029,Guarp Gaming,EMEA,GUAP
1030,Guasones,EMEA,GSNS
1031,Guerreros del Mouse,LAS,GDM
1032,Gunrunners,Europe,GRS
1033,Guru Gaming,Europe,guru
1034,H2k-Gaming,Europe,H2K
1035,Hafnet eSports,Latin America,HAF
1036,Hall of Fame,Vietnam,HOF
1037,HANAGUMI KAREN,Japan,HNK
1038,Handless,MENA,SAD
1039,HanGong Clan,China,HGC
1040,Hannibal Knights,MENA,HNK
1041,Hanoi Dragons,SEA,HND
1042,Hanoi Fate,SEA,HF
1043,Hanoi Phoenix,SEA,HNP
1044,Hanover Hounds,Europe,HH
1045,Hanwha Life Esports,Korea,HLE
1046,Hanwha Life Esports Academy,Korea,HLE.A
1047,Hanwha Life Esports Challengers,Korea,HLE.C
1048,Hard Random,CIS,HR
1049,HarmoniX Gaming,Japan,HXG
1050,Harrisburg University,North America,HU
1051,Havan Liberty,Brazil,HL
1052,Havan Liberty Academy,Brazil,HLA
1053,Havoc,Europe,HVC
1054,Headhunters,SEA,HH
1055,Heat Wave,LMS,HW
1056,Heavy Artillery,LMS,HAT
1057,Heavy Botlane,Europe,HB
1058,HEET,EMEA,HEET
1059,Heimerdinger's Colossi,Europe,HC
1060,HELL PIGS,PCS,HPS
1061,Hellions e-Sports Club,Oceania,HLN
1062,Heracles Gaming,EMEA,HG
1063,Herbalife Real Betis,Europe,BTS
1064,Here For T-Shirt,North America,H4T
1065,Heroes of the Universe E-Sports Brazil,Brazil,HUE BR
1066,Heroes Team,Europe,HT
1067,Hertha BSC eSport,Europe,BSC
1068,Hex Alligators,Japan,HEX
1069,Hexagone Esports,Europe,HEXA
1070,HG Esports,Europe,HG
1071,High Tempo Esports,MENA,HTE
1073,Hillerød eSport,Europe,HeS
1074,Hive Athens Academy,Europe,HIVE.A
1075,Hive Athens EC,EMEA,HIVE
1076,HK Attitude Priest,LMS,HKA.P
1077,HNVR Esports,EMEA,HNVR
1078,Hokuto Esports,Japan,HKT
1079,Holy Knights,Latin America,HK
1080,Homyno Pulsia Esport,Europe,HPL
1081,Hong Kong Attitude,PCS,HKA
1082,Hong Kong Attitude Mage,LMS,HKA.M
1083,Hong Kong Carries,LMS,HKC
1084,Hong Kong Esports,LMS,HKES
1085,HongKongNine,LMS,HKN
1086,Hooked Esports,Latin America,HK
1087,Hoon Good Day (훈수좋은날),Korea,HGD
1088,Horizon Gaming,North America,HZG
1089,HOU GAMING,Korea,HOU
1090,Howling eSports,Europe,HES
1091,Huma,Europe,HMA
1092,Humanoids5,Latin America,H5
1093,Hungkuang Falcon (弘光獵鷹),PCS,HKF
1094,Hurricane Gaming,PCS,HG
1095,Hurricane of Feathers,EMEA,HOF
1096,HUYATV,Korea,HuyaTV
1097,HVFC Bakeca Academy,EMEA,HVFC
1098,HWA Academy,Turkey,HWA.A
1099,HWA Gaming,Turkey,HWA
1100,Hybrid Esports,Europe,HBD
1101,Hybrid Esports UK,Europe,HYB.UK
1102,Hydras Esport,EMEA,HYD
1103,Hyper,Korea,Hyper
1104,Hyper Nova,North America,HN
1105,Hyper Youth Gaming,China,HYG
1106,Hyperion Esports,Europe,HYP
1107,Hyve Central,Europe,Hyve
1108,I Gaming Star,Korea,IGS
1109,I May,China,IM
1110,IceLanD,LMS,ILD
1111,Ichor Gaming,Brazil,ICHR
1112,IDM Pirata,Brazil,IDMP
1113,iDomina eSports,Europe,iD
1114,Iguana eSports,Europe,IGE
1115,IKISEQ Gaming,EMEA,IKQ
1116,Ilha da Macacada Gaming,Brazil,IDM
1117,Illés Akadémia Spirit,EMEA,IAS
1118,Illinois State University,North America,ISU
1119,Illinois Wesleyan University,North America,IWU
1120,Illuminar Gaming,EMEA,IHG
1121,Imaginary Gaming,Europe,IMG
1122,Immortals,North America,IMT
1123,Immortals Academy,North America,IMT.A
1124,Immortals Area of Effect,North America,IMA
1125,Immortals Challengers,North America,IMTC
1126,IMP e-Sports,Brazil,IMP
1127,Impact Gaming,Europe,IG
1128,Imperial Esports,Turkey,IE
1129,Imperials,Europe,IMPER
1130,Imperio eSports,Europe,IPO
1131,IMPERISHABLE CLAN,EMEA,IMP
1132,Imperium Gaming,LAS,IPR
1133,Imperium Pro Team,SEA,IPT
1134,ImPerium Vancuverii,North America,IMP
1135,Impunity,PCS,IMP
1136,Impunity Legends,SEA,IPN.L
1137,IN Gaming,China,ING
1138,Inaequalis,Europe,INAE
1139,Inaequalis Academy,Europe,INAE.A
1140,Incredible Miracle,Korea,IM
1141,Incredible Miracle 1,Korea,IM1
1142,Incredible Miracle 2,Korea,IM2
1143,Incredible Miracle Athena,Korea,IMA
1144,Incubus,Latin America,INC
1145,Indictive Esports,Europe,IN
1146,INEA Esports,Europe,IN
1147,InFamouS eSport,Europe,IFS
1148,Infamous Gaming,LAS,IFG
1149,Infernal Void,EMEA,IV
1150,inFerno eSports,Europe,inF
1151,Infernum Gaming,Oceania,INF
1152,Infinite Odds,North America,IO
1153,INFINITY,Latin America,INF
1154,Infinity Esports,North America,OO
1155,Infinity Esports Academy,Latin America,INF.A
1156,Infinity Esports Colombia,Latin America,INF.C
1157,Infinity Esports Costa Rica,Latin America,INF.CR
1158,Inside Games,EMEA,ING
1159,Inside Games Challengers,EMEA,ING.C
1160,Insidious Gaming Candy,SEA,iSC
1161,Insidious Gaming Exile,SEA,iSE
1162,Insidious Gaming KTB,SEA,iS.KTB
1163,Insidious Gaming Legends,SEA,iSL
1164,Insidious Gaming Rebirth,SEA,iSR
1165,Insight eSports,Brazil,IE
1166,Inspire eSports,Europe,IE
1167,Instinct Gaming,Latin America,INS
1168,Instruments of Surrender,CIS,INST
1169,Intel New Indians,Latin America,NEW
1170,Intellectual Playground,Europe,IPG
1171,Intergalaxy Tigers Gaming,Brazil,ITX
1172,Internationally V,CIS,IV
1173,Internaziomale,EMEA,ZIOM
1174,Intrepid Fox Gaming,Europe,IF
1175,Intuition,Oceania,ITN
1176,INTZ,Brazil,ITZ
1177,INTZ Academy,Brazil,ITZ.A
1178,INTZ Red,Brazil,RED
1179,INTZ.Genesis,Brazil,ITG
1180,INVADERS,Europe,INV
1181,Inventive Esports,EMEA,INV
1182,Invictus Gaming,China,iG
1183,Invictus Gaming Deadly Fiend Girls,China,iG.DFG
1184,Invictus Gaming Young,China,IGY
1185,Invictus Girls,China,iGirls
1186,iNvolute,Europe,iNv
1187,Invulnerables Esports,EMEA,INV
1188,Ion Squad,Europe,ION
1189,Ion Squad Academy,Europe,ION.A
1190,Ionikos Nikaias Esports,EMEA,INE
1191,iQuit-Gaming Greece,Europe,iQuit GR
1192,Iron Hawks e-Sports,Brazil,HKS
1193,Iron Wolves,EMEA,WOLF
1194,ISC Pro Team,SEA,ISC
1195,ISO eSports,Europe,ISO
1196,Issue is Critical,North America,IIC
1197,İstanbul Wildcats,EMEA,IW
1198,İstanbul Wildcats Academy,Turkey,IWC.A
1199,Isurus,Latin America,ISG
1200,Isurus Academy,Latin America,ISG.A
1201,Isurus Gaming Chile,LAS,ISG CL
1202,IWantCookie,Europe,IWC
1203,IZI Dream,EMEA,IZI
1204,J Team,PCS,JT
1205,J Team 2,LMS,JII
1206,Jakarta Juggernauts,SEA,J2G
1207,Jake's Kittens,North America,JK
1208,Janus Esports,Latin America,JNS
1209,Janus Vipers,Latin America,JV
1210,JAYOB e-Sports,Brazil,JAY
1211,JD Gaming,China,JDG
1212,JD|XL,Europe,JDXL
1213,Ji Jie Hao (集结号),China,JJH
1214,Jin Air Green Wings,Korea,JAG
1215,Jin Air Green Wings Falcons,Korea,JAG.F
1216,Jin Air Green Wings Stealths,Korea,JAG.S
1217,JingNetGame,China,JNG
1218,Joblife,EMEA,JL
1219,Join The Force,EMEA,JTF
1220,Jörmungang,EMEA,JMGG
1221,Joy Dream,China,JDM
1222,Just Randoms,North America,JR
1223,Just Toys Gaming,LAN,JTG
1224,Just Toys Havoks,LAN,JTH
1225,justforfun,Europe,jff
1226,K Special Forces,LMS,KSF
1227,K1CK,Europe,K1
1228,K1ck Black,Europe,K1CK.B
1229,KaBuM! Academy,Brazil,KBM.A
1230,KaBuM! Black,Brazil,KBB
1231,KaBuM! Esports,Brazil,KBM
1232,KaBuM! IDM Gaming,Brazil,KBM IDM
1233,KaBuM! IDM UP,Brazil,KIDM UP
1234,Kaisa Gaming,China,KSG
1235,Kaizen Esports,Latin America,KZN
1236,Kameto Corp,Europe,KC
1237,Kanga Esports,PCS,KNG
1238,KAOS e-sport,EMEA,KAOS
1239,Kaos Latin Gamers,Latin America,KLG
1240,Kaos Latin Gamers Academy,Latin America,KLG.A
1241,Karma Clan Esports,Europe,KRM
1242,Karmine Corp,EMEA,KC
1243,Karolinerna,EMEA,K5
1244,Karont3 e-Sports Club,Europe,K3
1245,KartRiderTeam,LMS,KRT
1246,Katastrofa Awionetki,Europe,kT
1247,Kaufland Hangry Knights,EMEA,KHK
1248,Kawaii Kiwis,EMEA,KWK
1249,Kayana Gaming,SEA,Kanaya
1250,Keep Gaming,Brazil,KEEP
1251,Kenty,Europe,KEN
1252,Keyd Warriors,Brazil,kW
1253,KeyMedia,China,KM
1254,Keypulse Esports,EMEA,KYP
1255,Kiedyś Miałem Team,Europe,KMT
1256,Killabeez,Europe,KBZ
1257,King of Future,China,KOF
1258,King of Goats,Latin America,KOG
1259,Kings of the North,Latin America,KON
1260,Kings of Uganda,North America,KOU
1261,Kingzone DragonX,Korea,KZ
1262,KIT SC SmartWe,EMEA,KIT
1263,KIT SC White,EMEA,KIT.W
1264,KIYF eSports Club,Europe,KIYF
1265,Klanik Esport,EMEA,KE
1266,KlikTech,Europe,KLT
1267,KmK eSports,EMEA,KmK
1268,KnockOut Esports,MENA,KO
1269,KODE Gaming,EMEA,KODE
1270,KOI,EMEA,KOI
1272,Kokoro No Senshi,Latin America,KNS
1273,Kolejny Cios,Europe,KC
1274,Komil&amp;Friends,EMEA,KnF
1275,Komputronik Gaming Scouting Grounds,Europe,KG
1276,Komputronik H34T,Europe,HIT
1277,Kongdoo Monster,Korea,KDM
1278,Konix eSport,Europe,Konix
1279,Korean Streamer,Korea,KRS
1280,KOVA Esports,Europe,KOVA
1281,Kowloon Esports (九龍電競),LMS,KE
1282,KR Reykjavík Esports,Europe,KR
1283,Kraken E-Sports,Latin America,KNS
1284,KRC Genk Esports,EMEA,GENK
1285,KRC Genk Esports Talent Team,Europe,GNKT
1286,KRÜ Esports,Latin America,KRU
1287,KSV eSports,Korea,KSV
1288,KT Rolster,Korea,KT
1289,KT Rolster Academy,Korea,KT.A
1290,KT Rolster Arrows,Korea,KT.A
1291,KT Rolster Bullets,Korea,KT.B
1292,KT Rolster Challengers,Korea,KT.C
1293,Kuala Lumpur Hunters,SEA,KLH
1294,Kubyd's Syndrome,Europe,Kubyd's
1295,Kumiho Esports,EMEA,KHO
1296,KV Mechelen Esports,Europe,KVM
1297,KV Mechelen Esports Academy,Europe,KVM.A
1298,KV Mechelen Esports Strijders,Europe,KVM.S
1299,Kwangdong Freecs,Korea,KDF
1300,Kwangdong Freecs Academy,Korea,KDF.A
1301,Kwangdong Freecs Challengers,Korea,KDF.C
1302,Kx.Cash,China,KXC
1303,Kx.Happy,China,KXH
1304,Labradoodle 9,Europe,LAB9
1305,Lachende Gerdas,Europe,LACH
1306,Lamasticrew,Europe,Lama
1307,LanCraft,Europe,LAN
1308,Lanomania,Europe,LMA
1309,LanXiang Gaming,China,LX
1310,LaoPengYou,China,LPY
1311,Large,North America,LRG
1312,Last Group,LAS,LG
1313,Last Kings,LAS,LK
1314,Last Resistance,North America,LR
1315,Laughing Coffins,Europe,LC
1316,Lawrence Technological University,North America,LTU
1317,LBS Esports,Latin America,LBS
1318,LCVS Fighting (立志猩勢力),PCS,LCVS
1319,LD50 Gaming,Japan,LD50
1320,LDLC OL,EMEA,LDLC
1321,LDM Esports,Latin America,LDM
1322,LDM Mexico,Latin America,LDM
1323,LDN UTD,Europe,LDNU
1324,LDN UTD Ice,Europe,LDNU.I
1325,LEC Kings,Europe,RITO
1326,Legacy Esports,Oceania,LGC
1327,Legacy Genesis,Oceania,LGG
1328,Legatum,LAS,LGT
1329,Legend Dragon,China,LD
1330,Legend Dragon Academy,China,LDA
1331,Legend Esport Gaming,China,LEG
1332,Legendary,North America,LDY
1333,LegendsBR,Brazil,LBR
1334,Legion Gaming,Europe,LG
1336,Lemondogs,Europe,LD
1337,Lemondogs Argentina,LAS,LD ARG
1338,Leões Porto Salvo Esports,EMEA,LPS
1339,Levante UD Esports,EMEA,LUD
1340,Level One,Europe,Lv1
1341,Level Up esports,Europe,LVL
1342,Leviatan,Latin America,LEV
1343,Leviatan Esports Chile,Latin America,LEV
1344,Leviathans,Europe,LVT
1345,LGD Gaming,China,LGD
1346,LGD Gaming Young Team,China,LGDY
1347,Liberty,Brazil,LBR
1348,Liberty Academy,Brazil,LBR.A
1349,Liberty Zeal Queue,China,LZQ
1350,Life Support,North America,LFS
1351,Liiv SANDBOX,Korea,LSB
1352,Liiv SANDBOX Academy,Korea,LSB.A
1353,Liiv SANDBOX Youth,Korea,LSB.Y
1354,Lille Esport,EMEA,LIL
1355,LinG,China,LNG
1356,LinGan e-Sports,China,LGE
1357,LionsCreed Baltics,Europe,LC
1358,LiT Esports,North America,LIT
1359,LIT Team (黎明企鵝),PCS,LIT
1360,Little Hippo,Korea,LITT
1361,Little Wraith,Oceania,LW
1362,Live Gaming Ascension,LAS,LGA
1363,Liyab Esports,PCS,LYB
1364,LK Gaming,EMEA,LK
1365,LMQ,North America,LMQ
1366,LNG Academy,China,LNG.A
1367,LNG Esports,China,LNG
1368,LODIS,EMEA,LDS
1369,Logi-A Team,LMS,LAT
1370,Login Esports,EMEA,LGN
1371,Logitech G Snipers,LMS,LGS
1372,logiX,Europe,logiX
1373,LoL Academia,LAN,LAE
1374,LOLQ Tempest,Korea,Tempest
1375,London Esports,Europe,LDN
1376,Longzhu Gaming,Korea,LZ
1377,Los Grandes,Brazil,LOS
1378,Los Grandes Academy,Brazil,LOS.A
1379,Los Heretics,EMEA,HRTS
1380,Los Leones de Badajoz,Europe,LOS
1381,Lost Draft,North America,LOST
1382,Lost Esports,MENA,LE
1383,Loto Gaming,Latin America,LTG
1384,Lotus Bloom,North America,LBL
1385,Lotus Esports,North America,LTS
1386,Lotus Exiles,North America,LE
1387,Lotus Gaming,EMEA,LTG
1388,LOUD,Brazil,LLL
1389,LOUD Academy,Brazil,LLL.A
1390,Louisiana State University,North America,LSU
1391,Lourdes University,North America,LU
1392,Low Pressur3 Gaming,Latin America,LP3
1393,Low Priority,Europe,Low P
1394,Lowkey Esports,North America,LK
1395,Lowkey Esports.Vietnam,Vietnam,LK
1396,LowLandLions,Europe,LION
1397,LowLandLions.Black,Europe,LLL.B
1398,LowLandLions.White,Europe,LLL.W
1399,LP Gaming,Vietnam,LPG
1400,Lublin Shore,Europe,LBS
1401,Lucent Esports,EMEA,LCT
1402,Lucky Esports,North America,LKY
1403,LUL Esports,Europe,LUL
1404,Lunary,EMEA,LNY
1405,Lundqvist Lightside,EMEA,LLS
1406,Luxor Gaming,Latin America,LXG
1407,Luxury Esports,Vietnam,LX
1408,Lycos eSports,Europe,LYC
1409,Lynx,Oceania,LX
1410,Lyon Gaming,LAN,LYN
1412,M19,CIS,M19
1413,Macao Esports,LMS,MOE
1414,Machi 17,LMS,Machi 17
1415,Machi Crew,LMS,MC
1416,Machi Esports,PCS,MCX
1417,MachiX,LMS,MCX
1418,Macko Academy,EMEA,MCK.A
1419,Macko Esports,EMEA,MCK
1420,Macro Maniacs,Turkey,MCM
1421,Mad Dragon,LMS,MAD
1422,MAD Gaming,Brazil,MAD
1423,MaD Gaming MX,LAN,MaD MX
1424,Mad Gods Gaming,Europe,Mad Gods
1425,Mad Kings,Latin America,MKE
1426,MAD Lions,EMEA,MAD
1427,MAD Lions Academy,Europe,MAD.A
1428,MAD Lions E.C.,Europe,MAD
1429,MAD Lions E.C. Colombia,Latin America,MLC
1430,MAD Lions E.C. Mexico,Latin America,MLM
1431,MAD Lions Madrid,Europe,MADM
1432,Mad Revolution Gaming,Latin America,MAD
1433,MAD Team,LMS,MAD
1434,Made in France,Europe,MiF
1435,MAGAZA,EMEA,MGZ
1436,Magistra,Europe,MGT
1437,Magna Esports,EMEA,MGN
1438,Majestic Lions,Europe,ML
1439,Malvinas Rise,Latin America,MVG
1440,MAMMOTH,PCS,MEC
1441,Mammoth Academy,Oceania,MMMA
1442,ManaLight,Europe,ML
1443,Manguste AT,Europe,MNG.AT
1444,Manguste eSports,Europe,MNG
1445,Manila Eagles,SEA,MLE
1446,Maroon Bells,Europe,MB
1447,Marvelous Gamers Brotherhood,China,MGB
1448,Maryville University,North America,MU
1449,Mashallah Gaming,Europe,MASH
1450,Masonic,Europe,MSC
1451,Master Girl,China,MG
1452,Master of Chicken Gaming,Japan,MCG
1453,Masters 3,China,M3
1454,Maturalni Forsaken,EMEA,MFSK
1455,Maturalni Forsaken Academy,EMEA,MFA
1456,MAX,China,MAX
1457,Max Tigers,Latin America,MAX
1458,Maximal,Vietnam,MAX
1459,Maximum impact Gaming Blitz,Korea,MIG.B
1460,Mayan Esports,Latin America,MYN
1461,Maycam Evolve,Latin America,EV
1462,Maze,Brazil,MZE
1463,Maze Gaming,Latin America,MAZ
1464,MCES Italia,Europe,MCES.IT
1465,MCES Italia Academy,Europe,MCES.IT
1466,mCon esports,EMEA,MCON
1467,mCon esports Rotterdam Academy,Europe,MCN.A
1468,MD E-sports Club,China,MD
1469,Meat Playground,North America,MP
1470,Meavedron,EMEA,MVE
1471,Medieval Riga,Europe,MDVL
1472,MeetYourMakers,Europe,MYM
1473,MeetYourMakers.LAN,LAN,MYM.LAN
1474,MeetYourMakers.TR,Turkey,MYM.TR
1475,MEGA,SEA,MG
1476,Meloncats,Europe,MC
1477,Melty eSport Club,Europe,MTY
1478,Meme City Esports,North America,MCE
1479,Meme Stream Dream Team,North America,MSDT
1480,Mercenaries,North America,MERC
1481,Merciless Academy,Brazil,MGG.A
1482,Merciless Gaming,Brazil,MGG
1483,Meta Falcon Team,PCS,MFT
1484,Meta Gaming,Latin America,MG
1485,Method2Madness,Europe,M2
1486,Mezexis Esports,Latin America,MZS
1487,MF Gaming,China,MFG
1488,MGN Box Esports,Vietnam,MBE
1489,MHSC Esport,EMEA,MHSC
1490,Miami University,North America,MU
1491,MiaoJing (妙竞),China,MJ
1492,Michigan State University,North America,MSU
1493,Midas FIO,Korea,FIO
1494,Midnight Sun Esports,LMS,MSE
1495,Mighty Eagle,China,ME
1496,Millenium,Europe,MIL
1497,Millenium Spirit,Europe,MSP
1498,Miners,Brazil,NMG
1499,Miners Academy,Brazil,NMG.A
1500,Mineski,SEA,Mineski
1501,Minus Three,North America,M3
1502,Miracle,North America,MRC
1503,Miracle Gaming,Europe,M1
1504,Mirage Alliance,North America,MIRG
1505,Mirage Élite,North America,MEC
1506,Mirage Elyandra,Europe,ME
1507,MiraGe Gaming,Korea,MiraGe
1508,Mirage Oasis,North America,MIR.O
1509,Mirage Sport Électronique,North America,MIR
1510,Misfits Academy,Europe,MSF.A
1511,Misfits Gaming,Europe,MSF
1512,Misfits Premier,Europe,MSFP
1513,Missouri Valley College,North America,MVC
1514,MiTH Flashdive,SEA,MiTH FD
1515,MJ-Esports,Europe,MJ
1516,Mkers,Europe,MKS
1517,Mkers Academy,Europe,MKS.A
1518,MKZ,Korea,MKZ
1519,MLGB E-SPORTS CLUB,North America,MLGB
1520,MNM Gaming,Europe,MNM
1521,MnM Gaming Academy,Europe,MnM.A
1522,MOBA ROG,Europe,MOR
1523,Monkey Mafia,Europe,MM
1524,Monolith Gaming,CIS,MNL
1525,Monomaniac eSports,North America,MME
1526,mortal Teamwork,Europe,MTW
1527,Mortality eSports,North America,MRT
1528,Moscow 5,CIS,M5
1530,Moss Seven Club,China,MSC
1531,Mount Olympus,North America,MOGG
1532,MOUZ,EMEA,MOUZ
1533,Movistar Optix,Latin America,MOX
1534,Movistar R7,Latin America,R7
1535,Movistar Riders,EMEA,MRS
1536,Movistar Riders Academy,Europe,MRS.A
1537,Movistar Riders Blue,Europe,MRS.B
1538,MS Company,EMEA,MS
1539,MSI Evolution Gaming Team,SEA,MSI EvoGT
1540,MTP Esport,EMEA,MTP
1541,MTW Gaming,Europe,MTW
1542,mTw North America,North America,MTW
1543,Munster Rugby Gaming,EMEA,MRG
1544,Munster Rugby Gaming Academy,Europe,MRG.A
1545,Murk Esports,North America,MRK
1546,MVP,Korea,MVP
1547,MVP Blue,Korea,MVP.B
1548,MVP Ozone,Korea,MVP.O
1549,MVP Red,Korea,MVP.R
1550,MYIDOL Esports,MENA,MYI
1551,mYinsanity,EMEA,MYI
1552,myRevenge,Europe,myR
1553,myRevenge Chile,LAS,myR CL
1554,Mysterious Monkeys,Europe,MM
1555,Mysterious Monkeys.ESLM,Europe,MM.ESLM
1556,Mystic Gaming,MENA,MYC
1557,Myth Esports,EMEA,MYTH
1558,Mythos Gaming,Europe,MYT
1559,Mythus Esports,SEA,MYT
1560,n!faculty,Europe,FAC
1561,Naga Esports,SEA,Naga
1562,Naguara Mexico,Latin America,NE
1563,Naguara Team,Latin America,NE
1564,NaJin Black Sword,Korea,NJBS
1565,NaJin e-mFire,Korea,NJF
1566,NaJin White Shield,Korea,NJWS
1567,NALCS Players Association,North America,NALCSPA
1568,Nameless Randoms,North America,NR
1569,Nameless Thieves,North America,NT
1570,Napkins in Disguise,North America,NID
1571,NARCIS,EMEA,NRC
1572,Nash Ξquilibrium,Europe,NASH
1573,NASR eSports,MENA,NSR
1574,NASR eSports Jr.,MENA,NASR.JR
1575,NASR eSports Turkey,EMEA,NSR
1576,NASR eSports Turkey Academy,Turkey,NASR.A
1577,NAT,Europe,NAT
1578,Native Gaming,North America,N8V
1579,Nativz,EMEA,NT
1580,Natus Vincere,Europe,Na'Vi
1581,Natus Vincere CIS,CIS,NV.CIS
1582,nDurance Gaming,Europe,nD
1583,NecroRaisers,Europe,NR
1584,NeL,Korea,NeL
1585,Neolution E-Sport Nemesis,SEA,Neo.N
1586,Neon Esports,Europe,NE
1587,nEophyte,Europe,NEPH
1588,nerdRage,Europe,nR
1589,Nerf Galeforce,Europe,NGF
1590,Neronity,Europe,NERO
1591,Nerv,Europe,NRV
1592,Neurons,LMS,NEU
1593,Never Give Up,LMS,NGU
1594,NeverBack Gaming,Europe,NB.
1595,New Dynasty,Europe,ND
1596,New World Eclipse,North America,NWE
1597,Newbee,China,NB
1598,Newbee Young,China,NBY
1599,Newell's Esports,Latin America,NOB
1600,Newstar,Latin America,N5R
1601,Nex Impetus,Brazil,neXi
1602,Next Evolution,Europe,NVO
1603,Next Gen Esports,SEA,NGE
1604,NextGaming,Europe,NxG
1605,neXtPlease! Gaming,Europe,NPG
1606,Nexus KTRL,Europe,NXK
1607,Nibble Gaming,Japan,NBG
1608,Nigma Galaxy,Europe,NGX
1609,Nigma Galaxy Male,EMEA,NGX
1610,Nigma Galaxy MENA,MENA,NGX.MN
1611,Ninjas in Pyjamas,China,NIP
1613,NK Osijek Esport,Europe,NKOS
1614,NLD eSports,Europe,NLD
1615,NNO Prime,EMEA,NNO
1616,No Ace,North America,NACE
1617,No Dice Gaming,North America,NDG
1618,No Game No Life,LMS,NGL
1619,No Name,North America,NN
1620,No Need Orga,EMEA,NNO
1621,No Org,North America,NO
1622,No Team,North America,NOT
1623,Noah's Ark,China,NA
1624,Noble Esports,North America,NOB
1625,Noble Truth,North America,NTR
1626,NOCTA,Latin America,NOC
1627,Nocturns Gaming,Latin America,NG
1628,NoFancy,LMS,NFC
1629,Nongshim Esports Academy,Korea,NS.EA
1630,Nongshim RedForce,Korea,NS
1631,Nongshim RedForce Academy,Korea,NS.A
1632,NonHK,LMS,NHK
1633,Noobs Except Balnemse,Korea,NEB
1634,Noot Noot eSports,Europe,NN
1635,NORD Esports,EMEA,NORD
1636,Nordavind,Europe,NVD
1637,Nordavind Black,Europe,NVD.B
1638,Nordavind Talent,Europe,NVD.T
1639,Nordavind White,Europe,NVD.W
1640,North,Europe,NOR
1641,North Carolina State University,North America,NCSU
1642,Northeastern University,North America,NU
1643,Northern Lions Esports,EMEA,NLE
1644,Northwood University,North America,NU
1645,Not Academy Team,North America,NAT
1646,Nova Dragons,Latin America,NVD
1647,Nova eSports,North America,NVA
1648,Nova Esports,PCS,NOV
1649,NOVO Esports,EMEA,NOVO
1650,Novus Tempus,LAS,NT
1651,Now or Never,China,NON
1652,NOX Esports,Europe,NOX
1653,NRAX Esports,EMEA,NRAX
1654,NRG,North America,NRG
1655,NRG Challengers,North America,NRGC
1656,Nuit Blanche,Europe,NBL
1657,NumberOne Esports,Turkey,NR1
1658,Nuovo Gaming,Oceania,NVO
1659,NVision Esports,Europe,NV
1660,NXT,EMEA,NXT
1661,NYYRIKKI,Europe,NKI
1662,NYYRIKKI Academy,Europe,NKI.A
1663,NYYRIKKI Blue,Europe,NKI.B
1664,NYYRIKKI White,Europe,NKI.W
1665,O'Gaming TV,EMEA,OGTV
1666,Oakland University,North America,OU
1667,Obnoxious Gaming,Europe,NOX
1668,ODIN Gaming,Latin America,ODN
1669,Odivelas Sports Club,EMEA,OSC
1670,Odyssey Gaming,North America,ODY
1671,OffLimits,Europe,OFF
1672,OFFSET Esports,Europe,OFF7
1673,OG Esports,Latin America,OGE
1674,Oh My Dream,China,OMD
1675,Oh My Girls,China,OMGirls
1676,Oh My God,China,OMG
1677,Oh My God 2,China,OMG 2
1678,Ohio Northern University,North America,ONU
1679,Ohio State University,North America,OSU
1680,OKGG White,Europe,OKGG.W
1681,Okinawan Tigers,Japan,OT
1682,OKSavingsBank BRION,Korea,BRO
1683,OKSavingsBank BRION Academy,Korea,BRO.A
1684,OKSavingsBank BRION Challengers,Korea,BRO.C
1685,Old Hunters,LAS,OHT
1686,Olympiacos Alimou,Europe,GOAL
1687,Olympus Gaming,MENA,OLY
1688,Omega Gaming,North America,OMG
1689,Omerix,EMEA,OX
1690,Once Caldas Esports,Latin America,OC
1691,Once Upon A Team,EMEA,OUAT
1692,One Breath Gaming,CIS,OBG
1693,One More Esports,EMEA,1M
1694,ONE SEVEN EIGHT,LMS,OSE
1695,One Trick Production,EMEA,OTP
1696,OnlyGame,China,OG
1697,Onoda Esports,Latin America,ONODA
1698,Onyx Esports,SEA,ONYX
1699,OP Gaming,Korea,OPG
1700,OP innogy eSport,Europe,OP
1701,OpenMidPlease,LMS,OMP
1702,Operation Kino e-Sports,Brazil,OPK
1703,OpTic Gaming,North America,OPT
1704,OpTic Gaming Academy,North America,OPT.A
1705,optical spectrum E-sports,China,OSE
1706,Optimization Gaming,Europe,OG
1707,Optimum Cowboys,Europe,OC
1708,OQ,North America,OQ
1709,Orange Esports,SEA,ORG
1710,Orbit Anonymo,EMEA,OAE
1711,Orbit Gaming,North America,ORB
1712,ORDER,Oceania,ORD
1713,ORDER Academy,Oceania,ORDA
1714,Ordinance Gaming,North America,OG
1715,Ordo Equitum,LAN,OE
1716,Orgless,North America,ORGL
1717,Origen,Europe,OG
1718,Origen Academy,Europe,OG.A
1719,Origen BCN,Europe,OGB
1720,Origen ESP,Europe,OGE
1721,Origine Online,Europe,Origine
1722,Orion Esport,Europe,OR
1723,Osaka,Latin America,OSK
1724,Oserv Esport,EMEA,OSV
1725,Osh-Tekk Warriors,MENA,OTW
1726,Osos Mafiosos,LAN,OSM
1727,Östersunds FK Esports,Europe,OFK
1728,Ottawa University,North America,OU
1729,Out of the Blue,Europe,OOB
1730,Outlaws,Oceania,OLW
1731,Outlawz,Europe,OTL
1732,Outplayed Academy,Europe,OP.A
1733,OuYi Game Team,China,OY
1734,Over Power Gaming Center,MENA,OPGC
1735,Overdrive,Japan,OVD
1736,OverGaming,Europe,OG
1737,Overload,Brazil,OVL
1738,OverMinds,MENA,OVM
1739,OverPower Esports,Vietnam,OPG
1740,Ownerd e-Sports,Brazil,Ownerd
1741,Oxygen Valiants,EMEA,O2V
1742,Oyun Hizmetleri,Turkey,OH
1743,Oyun Hizmetleri ÇİLEKLER,Turkey,OHC
1744,OZ Gaming,Korea,OZ
1745,P11 Esports,Europe,P11
1746,P3P eSports,Turkey,P3P
1747,Pacific eSports,SEA,PCFC
1748,Packa Pappas Kappsäck,Europe,PPK
1749,paiN Gaming,Brazil,PNG
1750,Pain Gaming,Europe,PG
1751,paiN Gaming Academy,Brazil,PNG.A
1752,PAM eSports,Europe,PAM
1753,Pampas,Latin America,PAM
1754,Panathinaikos AC eSports,EMEA,PAO
1755,Panda Cub Hugging Club,SEA,PCHC
1756,PandaCute,LMS,PDQ
1757,Pandy Pandas,North America,PAND
1758,PANTHERS Gaming,Europe,PG
1759,Papara SuperMassive,EMEA,SUP
1760,Parabellum Esports,North America,PRB
1761,Paradox Gaming,SEA,PDG
1762,Paris Saint-Germain eSports,Europe,PSG
1763,Pars eSports,Turkey,Pars
1764,Partizan Esports,EMEA,PAR
1765,Pathos,Korea,PTS
1766,Pawn Gaming,Europe,PWN
1767,PCHunter,Europe,PCH
1768,PCS Taran,EMEA,PCS.T
1769,PDK Sideral,EMEA,PDK
1770,PDW,Europe,PDW
1771,PEACE,PCS,PCE
1772,Peak Performance,North America,PPE
1773,Peak Performance X,North America,PPX
1774,Peak Performance Y,North America,PPY
1775,peculiar gaming,Europe,P
1776,PÊEK Gaming,Latin America,PK
1777,PeesPlay Gaming,Brazil,PPG
1778,PENTA 1860,Europe,PTA
1779,Pentagon Maze,Europe,PM
1780,Pentagon Rejects,EMEA,PTR
1781,PENTAGRAM,Japan,PGM
1782,Pentakill.gr,Europe,5K
1783,Pentanet.GG,PCS,PGG
1784,Pentanet.GG Rise,Oceania,PGGR
1785,People's Red Wolf Gaming,China,PRW
1786,Pepehands,North America,PEPE
1787,Percent Esports,Vietnam,PER
1788,Perfectionvore,LAN,Pvore
1789,Pertinax Esports,EMEA,PTX
1790,PEX Team,Latin America,PEX
1791,Phelan Gaming,Europe,PHL
1792,Phlox Gaming,EMEA,PHX
1793,Phoenix Esports,SEA,PX
1794,Phoenix1,North America,P1
1795,Phong Vũ Buffalo,Vietnam,PVB
1796,Piast Gliwice Esports,Europe,PGE
1797,PIGSPORTS,Europe,PIG
1798,Ping is the Problem,North America,PIP
1799,Pirate Dream,Latin America,PD
1800,piratesports,EMEA,ARR
1801,piratesports Academy,Europe,ARR.A
1802,PIRTS,Europe,PRT
1803,Pixel Esports Club,Latin America,PIX
1804,PKMaster,LMS,PKM
1805,PL Gaming,LAS,PL
1806,Planetary Collision Esports,North America,PLAN
1807,Planetkey Dynamics,Europe,PKD
1808,PlaPro.c58,CIS,PPC58
1809,Play Again,LAS,PYN
1810,Play With Soul,Europe,PWS
1811,PlayArt Gaming,Brazil,playArt
1812,Playing Ducks,Europe,PD
1813,Playing Ducks Europe,Europe,pD EU
1814,Plejehjemmet Kalder,Europe,PK
1815,Pogoń Szczecin,Europe,POG
1816,Polar Ace,North America,PA
1817,Polar Bears,Europe,PBR
1818,Polar Squad Esports,Latin America,PLS
1819,Polaris Gaming,Latin America,PG
1820,Polska Gurom,Europe,POL
1821,Pondok Gaming,SEA,Pondok
1822,Positive Energy,China,PE
1823,PostFinance Helix,Europe,PFX
1824,Power Team Sports,Brazil,PWT
1825,Powned.it,Europe,PWN
1826,Predators Academy,Latin America,PDS.A
1827,Predators Esports,Latin America,PDS
1828,PRIDE,Europe,PRD
1829,PRIDE Academy,Europe,PRD.A
1830,Pride ESCA Academy,Europe,TEG.A
1831,PrideFC,Europe,PFC
1832,PRIMATE,Latin America,PMT
1833,Prime Clan,Korea,Prime
1834,Prime Optimus,Korea,PO
1835,PRO42,Latin America,P42
1836,Prodigy Esports,Brazil,PRG
1837,ProGaming Esports,Brazil,PRG
1838,Project Conquerors,EMEA,PCS
1839,Project Guardians,Latin America,PG
1840,Project Sinners,EMEA,PJS
1841,Protecting Guardians,Europe,PG
1842,ProXima Gaming,Europe,PRX
1843,PSG Talon,PCS,PSG
1844,PSG Talon Academy,PCS,PSG.A
1845,PSV Esports,Europe,PSV
1846,PSV Esports Academy,Europe,PSV.A
1847,Psykodelic Esports,Latin America,PSK
1848,Public Enemy,Europe,PE
1849,Pulse Esports,North America,PS
1850,Pulsia Esport,Europe,PL
1851,PunchLine Esport Club,Europe,pLine
1852,Puppies Esports,Vietnam,PES
1853,Purdue University,North America,PU
1854,Purdue University Northwest,North America,PNW
1855,Purple Haze Gaming,LAS,PH
1856,Pushing Gaming,Europe,PSH
1857,Pyrsos Esports,Europe,PRS
1858,QG Reapers,China,QGR
1859,Qiao Gu Reapers,China,QG
1860,Qing Jiu E-sport Club,China,Q9
1861,QLASH,EMEA,QLS
1862,QLASH Forge,Europe,Q4G
1863,QLASH Forge Academy,Europe,QFA
1864,QLASH MENA,MENA,QLM
1865,QLASH Midnight,EMEA,QLS.M
1866,QLASH Spain,Europe,QLS
1867,QNG Team,China,QNG
1868,QTV Gaming,Vietnam,QG
1869,Quantic Gaming,North America,QTC
1870,Quantum Vortex,Europe,QVX
1871,QUT Tigers,Oceania,QUT
1872,Quvic E-Sports,Korea,QVC
1873,QWER.GG,Korea,QWER
1874,R-SIXTEAM,Europe,R6T
1875,RA'AD,EMEA,RAD
1876,RabbitFive,Japan,RBF
1877,Racoon,Europe,RCN
1878,Radiance,North America,RAD
1879,RAGE,North America,RAGE
1880,Raise Gaming,LMS,RG
1881,Raleigh Black Flame,North America,RBF
1882,Ramboot Club,EMEA,RBT
1883,Ramo Awake Gaming,Latin America,AWK
1884,Rampage,Japan,RPG
1885,Rampage Quintet,Japan,RPG Q
1886,RAMS,Europe,RAMS
1887,Random 5,EMEA,R5
1888,Rare Atom,China,RA
1889,Rare Atom Period,China,RAP
1890,Rascal Jester,Japan,RJ
1891,Rascal Jester Academy,Japan,RJ.A
1892,RATE Gaming,EMEA,RATE
1893,Ravioli Ravioli,Europe,RR
1894,Rayunion,China,RAY
1895,Razor's Edge Gaming,Europe,REG
1896,RBG Esports,North America,RBG
1897,RCSC E-sport,Europe,RCSC
1898,RCTIC eSports,Europe,RCTIC
1899,Reapers Gaming,EMEA,RPS
1900,Reason Gaming,Europe,RG
1901,Rebels Anarchy,Korea,RANC
1902,Rebels Gaming,EMEA,RBLS
1903,Rebirth eSports,Latin America,RBT
1904,REC by Shadow,Europe,REC
1905,RED Academy,Brazil,RED.A
1906,Red Arrows Team,LAN,RedA
1907,Red Bulls,Europe,RB
1908,RED Canids,Brazil,RED
1909,Red Eye,Latin America,RDY
1910,Red Rooster Team,Latin America,RRR
1911,ReDefy Esports,North America,RD
1912,Redemption Arc,North America,RA
1913,Redemption eSports Porto Alegre,Brazil,RDP
1914,Reformed Gaming,Europe,RG
1915,Regular Team,Latin America,RT
1916,Reign,Europe,RGN
1917,Rejects Gaming,Europe,RJX
1918,Relic Esports,Europe,RLC
1919,Reload Esports,Oceania,RLD
1920,Renegades,North America,REN
1921,Renegades of Hell,LAS,RoH
1922,Renegades: Banditos,Europe,RNB
1923,Rensga Academy,Brazil,RNS.A
1924,Rensga eSports,Brazil,RNS
1925,Repre Gold,Europe,RPG
1926,Resolve,Europe,RSV
1927,Resolve Academy,Europe,RSV.A
1928,Resolve Blue,Europe,RSV.B
1929,Resolve NA,North America,RSV.NA
1930,Respawn Esports,Latin America,RSP
1931,Rest In Pepperonis,Europe,REST
1932,Resurgence,PCS,RSG
1933,Return of the Middlesticks,North America,ROTM
1934,Reven Esports,Latin America,RVN
1935,Revenge,Europe,RVG
1936,Revenge eSports,LAN,RvG e
1937,Revenger,China,RVGR
1938,REViTAL Gaming,Europe,RVG
1939,Revival,North America,RVL
1940,Revolt Gentlemen E-Sports Club EUNE,Europe,RGESC EUNE
1941,Revolt Gentlemen E-Sports Club EUW,Europe,RGESC EUW
1942,Rex Regalis,North America,REX
1943,RFLX Gaming,North America,RFLX
1944,RGA,Korea,RGA
1945,Rich Gang,EMEA,RG
1947,Riddle Esports,EMEA,RDL
1948,Riddle Esports Academy,Europe,RDLA
1949,Riddle NO,EMEA,RDL
1950,RIFT Esports,Europe,RIFT
1951,Rift Rats,Europe,RR
1952,Rift Sloths,EMEA,RIFT
1953,Rise Gaming Female,Brazil,RISE
1954,Rising Dawn Esports,Europe,RDE
1955,Rising On Gaming,Brazil,ONR
1956,Rising Star Gaming,Korea,RSG
1957,Rising SuperStar Gaming,Korea,RSG
1958,RisingStars Gaming,China,RSG
1959,River Plate Gaming,Latin America,RIV
1960,RMA e-Sports,Brazil,RMA
1961,RMIT Redbacks,Oceania,RMIT
1962,RNL ROAR,EMEA,ROAR
1963,Roar,North America,RR
1964,Robert Morris University Illinois,North America,RMU
1965,Robot E-Sports Team,Brazil,BOT
1966,Rock Bottom Esports,North America,ROCK
1967,Rock Solid,North America,RS
1968,Rockhead Players,Korea,RHD
1969,RockTribeEsports,North America,RTE
1970,ROG Esport,Europe,ROG
1971,Rogue,Europe,RGE
1972,Rogue Esports Club,Europe,REC
1973,Rogue Stars,Europe,RGS
1974,Rogue Warriors,China,RW
1975,Rogue Warriors Shark,China,RWS
1976,Romulea eSport,Europe,RML
1977,Roughnex,Europe,RNX
1978,RoX,CIS,RoX
1979,ROX COOL,Korea,ROX.A
1980,ROX Tigers,Korea,ROX
1981,Royal Bandits,Turkey,RBE
1982,Royal Club,China,RYL
1983,Royal Club Tian Ci (天赐),China,RCTC
1984,Royal Gamers,Europe,RG
1985,Royal Never Give Up,China,RNG
1986,Royal Paladin Eclipse,LAS,RPE.E
1987,Royal Paladin eSports,LAS,RPE
1988,Royal Penguins,Latin America,RP
1989,Royal Youth,Turkey,RYL
1990,Royal Youth Academy,Turkey,RY.A
1991,RPG-KINGDOM,Japan,RKNG
1992,RSC Anderlecht Esports,Europe,RSCA
1993,RtN Gaming,LAS,RtN
1994,Ruddy Esports,EMEA,RUD
1995,RUDE GAME e-Sports,Brazil,RUDE
1996,RULE,Europe,RULE
1997,Rulers Esports,Europe,RLS
1998,RunAway,Korea,RNW
1999,RusherX Gaming,Latin America,RXG
2000,Russian Force,CIS,RF
2001,S.W.A.G.,North America,S.W.A.G.
2002,S2N Esports Club,Latin America,S2N
2003,S2V Esports,Europe,S2V
2004,S2V Esports Academy,Europe,S2V.A
2005,S2V Esports Female,Europe,S2V.F
2006,Sahara Warriors,MENA,SW
2007,Saigon Buffalo,Vietnam,SGB
2008,Saigon Fantastic Five,SEA,SF5
2009,Saigon Jokers,SEA,SAJ
2010,Saigon Mongaming,SEA,SGM
2011,Saikyo Makinyan,Japan,SKM
2012,ŠAIM SE,Europe,ŠSE
2013,ŠAIM SE SuppUp,Europe,SSU
2014,Saint Gaming,China,SAT
2015,Saint Louis University,North America,SLU
2016,Salade Tomate Oignon,Europe,STO
2017,Salvage Javelin,Japan,SJ
2018,Samadder Gaming,North America,SMG
2019,SAMCLAN Esports Club,EMEA,SAM
2020,Sample Text,Europe,Sample
2021,Samsung Blue,Korea,SSB
2022,Samsung Galaxy,Korea,SSG
2023,Samsung Morning Stars,Europe,SMS
2024,Samsung White,Korea,SSW
2025,Samurai in Jeans,Europe,SAMU
2026,San Jose State University,North America,SJSU
2027,Sangal Esports,Europe,SNG
2028,SanHe Gaming,China,SHG
2029,Sanhsin Gavin (三信戰鷹),PCS,SANH
2030,Santiago Wanderers eSports,Latin America,SW
2031,Santos Dexterity,Brazil,S deX
2032,Santos e-Sports,Brazil,SAN
2033,Saprissa Esports,Latin America,SAP
2034,Satori,LAN,Satori
2035,Satori Red,LAN,Satori.R
2036,Savage,Latin America,SVG
2037,SBENU Korea,Korea,SBK
2038,SBTC Esports,Vietnam,SE
2039,SBTC Esports Academy,Vietnam,SEA
2040,SCARZ,Japan,SZ
2041,SCARZ Burning Core,Japan,SZBC
2042,Scorpio Game,China,SG
2043,Scouting4ProScene,North America,S4PS
2044,Se Loco Cachorreira,Brazil,SLC
2045,Sea Dogs,North America,SD
2046,SEA Serpents,SEA,SS
2047,SeaDoggos,CIS,SEAD
2048,Seagate Hope,LMS,STX.H
2049,Seattle Ferocity,North America,SF
2050,Sector 7,North America,S7
2051,Sector One,EMEA,S1
2052,Sector One Academy,Europe,S1.Acad
2053,Sector One Black,Europe,S1B
2054,Sector One Fox,Europe,S1.F
2055,SEM9,PCS,S9
2056,SEM9 WPE,PCS,S9W
2057,Sengoku Gaming,Japan,SG
2058,Sengoku Gaming Academy,Japan,SG.A
2059,Senshi Esports Club,EMEA,SEC
2060,Sentinels ESC,Oceania,SNT
2061,SeolHaeOne Prince,Korea,SP
2062,Seorabeol Gaming,Korea,SRB
2063,Seoul Neon,Korea,SLN
2064,seQura ZEST,EMEA,ZEST
2065,Serena Five,LAS,S5
2066,Seven Wars e-Sports,Brazil,7w
2067,Seven Wars Lyon,LAN,7w Lyon
2068,SGA,Korea,SGA
2069,Shadow Academy,Korea,SHA.A
2070,Shadow Anyche,Korea,SDA
2071,Shadow Battlica,Korea,SBT
2072,Shadow Battlica Y,Korea,SBY
2073,Shadow Boxing,Korea,SBX
2074,Shadow Cool,Korea,SHA.CL
2075,Shadow Corp,Korea,SHA
2076,Shadow Cream,China,SC
2077,Shadow Dawn,Korea,SDD
2078,Shadow Deeplol,Korea,SDP
2079,Shadow Dreamer,Korea,SD
2080,Shadow EK,Korea,SEK
2081,Shadow ELG,Korea,SELG
2082,Shadow fOu,Korea,SFOU
2083,Shadow GT,Korea,SHA.GT
2084,Shadow IBJ,Korea,SIJ
2085,Shadow LNG,Korea,SLNG
2086,Shadow New,Korea,SNEW
2087,Shadow RGS,Korea,RGS
2088,Shadow SF,Korea,SSF
2089,Shadow Zero,Korea,SZR
2090,Shadowban,Europe,SWB
2091,Sharks Esports Team,Europe,SHK
2092,SHEINOO,China,SN
2093,Sheng Jie Gaming,China,SJG
2094,Shih Hsin Meow Meow (世新喵喵),PCS,SHU
2095,Shining Stars,EMEA,SST
2096,Shock Gaming,Brazil,Shock
2097,Shot 2 Kill,MENA,S2K
2098,ShowTime,China,ST
2099,Shu Dai Xiong Gaming,China,SDX
2100,Si Yi Xuan E-Sport,China,SYX
2101,Sick Ducks,SEA,6DK
2102,Sign Us Please,North America,SUP
2103,SILENTGAMING,Europe,SLNT
2104,Silver Crows,LAN,SC
2105,Silver Wolves,EMEA,SW
2106,Simon Fraser Univeristy,North America,SFU
2107,Simplicity Elite,MENA,SPL.E
2108,Simplicity Esports,North America,SMP
2109,Simplicity Gaming,MENA,SPL
2110,Sin Academy,Oceania,SNA
2111,Sin Gaming,Oceania,SIN
2112,Sinelight,SEA,SL
2113,Singapore Sentinels,SEA,SGS
2114,Singularity Female,Europe,SNG.F
2115,Sinisters,Latin America,SNS
2116,SINNERS Esports,EMEA,SIN
2117,Sinners Never Sleep,Europe,SNS
2118,SinoDragon Gaming,China,SDG
2119,SinoDragon Prince,China,SDP
2120,Six Karma,Latin America,6K
2121,SK Gaming,EMEA,SK
2122,SK Gaming Avarosa,EMEA,SK.A
2123,SK Gaming Prime,EMEA,SKP
2124,SK Telecom T1,Korea,SKT
2125,SK Telecom T1 K,Korea,SKT K
2126,SK Telecom T1 S,Korea,SKT S
2127,Skull Cracker,Latin America,SKC
2128,Sky Gaming,Vietnam,SGD
2129,Slash Lions,MENA,SL
2130,Slaughter House,North America,SH
2131,SLO REJECTS,Europe,SLR
2132,SLR,Europe,SLR
2133,Smash It Down,Japan,SID
2134,Smoking Hot Candies,SEA,SHCS
2135,Snake Esports,China,SS
2136,Snake Honor Esports,China,SHE
2137,Snake WuDu,China,SWD
2138,SNOGARD Dragons,Europe,SNOGARD
2139,Snowman Slammers,North America,SNOW
2140,SolaFide Esports,North America,SF
2141,SolarWind,CIS,SOL
2142,Solary,EMEA,SLY
2143,Solary Academy,EMEA,SLY.A
2144,Solwing Esports,Europe,sW
2145,Sons of Tzu Gaming,Brazil,TZU
2146,Sour Savoury,Europe,SrS
2147,SOVEJA,Europe,SVJ
2148,Sovereign,SEA,SVR
2149,Sovereign Black,SEA,SVB
2150,Sølvkikkert Esports,Europe,SØK
2151,Space eSports,LAN,SPE
2152,Spain5,Europe,SP5
2153,Spandauer Inferno,Europe,SPIN
2154,Sparx Esports,Europe,SPX
2155,Spear Gaming,Korea,SPG
2156,Spectacled Bears,Latin America,SB
2157,SPGeSports,Europe,SPG
2158,Spicy Gorillas,EMEA,SCG
2159,SPIKE Syndicate,EMEA,SPK
2160,Spirituals,Latin America,STS
2161,Split Raiders,Europe,STR
2162,Splyce,Europe,SPY
2163,Splyce Vipers,Europe,SVP
2164,Sport Boys Association,Latin America,SBA
2165,Sprout,EMEA,SPT
2166,Spy Dolphins,LAS,SD
2167,SQUARE,Korea,SQ
2168,Square Duck,North America,SQUA
2169,Srdce nehasnou,Europe,SN
2170,St. Clair College,North America,SCC
2171,Stand Point Gaming,China,SPG
2172,STAR,CIS,STAR
2173,Stardust,Korea,STD
2174,Starlan Gaming Club,Europe,SGC
2175,Starlan Gaming Club Academy,Europe,SGC.A
2176,Stars,Europe,Stars
2177,StarTale,Korea,ST
2178,State University of New York at Buffalo,North America,UB
2179,Steelwolves Gaia,SEA,XSW
2180,Steve Bakes Cookies,Europe,STEV
2181,Stone Movistar,Latin America,STM
2182,STOPWATCH eSports,EMEA,STW
2183,Storm,North America,STR
2184,Storm Games Clan,Europe,SGC
2185,Storm Teams (樹德暴風樹),PCS,STT
2186,Stormbringers,EMEA,SB
2187,STRAT Esport,Europe,STRAT
2188,STRAW,EMEA,STRAW
2189,Striking Vipers,North America,SV
2190,Striking Vipers Champions,North America,SVC
2191,Striking Vipers Maestros,North America,SVM
2192,STXP,North America,STXP
2193,Submarines,LMS,SMR
2194,Submarino Stars,Brazil,SUB
2195,Sudden Fear,Oceania,SF
2196,Summon Aery,MENA,SA
2197,Suning,China,SN
2198,Suning-S,China,SNS
2199,Suns Gos Hawk,LMS,SGH
2200,SunSister ReUnion,Japan,SSR
2201,SUPA HOT CREW,Europe,SHC
2202,Supay Gaming,Latin America,SGM
2203,Super Nova Academy,North America,SN.A
2204,Super Nova Sentinels,North America,SN.S
2205,Super Star Destroyers,Vietnam,SSD
2206,Super Sunshine Fruit Basket Warriors,North America,SSFW
2207,SuperEsports (超競學院),LMS,SE
2208,SuperHype Gaming,SEA,SHG
2209,SuperMassive Academy,Turkey,SUP.A
2210,SuperMassive Blaze,EMEA,SMB
2211,SuperMassive Blaze Academy,Turkey,SMB.A
2212,SuperMassive TNG,Turkey,SUP TNG
2213,SuperNitro1,Europe,SN1
2214,Supernova,North America,SN
2215,SuperStar,Korea,SS
2216,Supremacy,Europe,SY
2217,Synthetic Esports,North America,SYN
2218,Szata Maga,Europe,SM
2219,Szaty Bobra,EMEA,SZB
2220,Szef+6,Europe,S6
2221,T Show,Brazil,TSW
2222,T.Bear Gaming,China,TBG
2223,T1,Korea,T1
2224,T1 Academy,Korea,T1.A
2225,T1 Challengers,Korea,T1.C
2226,T3H Esports,Europe,T3H
2227,Taco Gaming,North America,TG
2228,Tainted Minds,Oceania,TM
2229,Tainted Minds Blue,Oceania,TM.B
2230,Taipei Assassins,LMS,TPA
2231,Taipei Berserkers,LMS,TPB
2232,Taipei Snipers,LMS,TPS
2233,Talon Esports,PCS,TLN
2234,Tan Chi Sa Gaming,China,TCS
2235,Taraji Esports,MENA,TEG
2236,Tatoo,Korea,Tatoo
2237,Taurus Esports,EMEA,TAU
2238,TBA,North America,TBA
2239,TCM Gaming,Europe,TCM
2240,TDC Esports,EMEA,TDC
2241,Team 58ers,Brazil,58ers
2242,Team 7AM,EMEA,7AM
2243,Team 7AM Academy,Europe,7AM.A
2244,Team 8,North America,T8
2245,Team Acer,Europe,ACER
2246,Team Acer Poland,Europe,ACER.PL
2247,Team Afro,LMS,AFR
2248,Team Ambition,North America,TA
2249,Team Ambition Black,North America,TAB
2250,Team Ambition Red,North America,TAR
2251,Team Ambition Sussy,North America,TAS
2252,Team Amelia,Europe,AML
2253,Team Amibition Blaze,North America,TAB
2254,Team ANG,LAN,ANG
2255,Team Anomaly Breaker,Latin America,TAB
2256,Team Arcade,Europe,TA
2257,Team Arena Online,North America,TAO
2258,Team Ares,North America,TAR
2259,Team Ascent,Europe,ACT
2260,Team Astral Poke,North America,TAP
2261,Team Atlantis,Europe,ATL
2262,Team Atlantis Baltics,Europe,ATL.B
2263,Team AURORA,Turkey,AUR
2264,Team AURORA Academy,Turkey,AUR.A
2265,Team awp,Brazil,AWP
2266,Team Aze,Latin America,AZE
2267,Team BattleComics,Korea,BtC
2268,Team BDS,EMEA,BDS
2269,Team BDS Academy,EMEA,BDS.A
2270,Team BLACK,Europe,BLACK
2271,Team Black,Europe,BLK
2272,Team BlackEye,Japan,TBE
2273,Team Bliss,PCS,TB
2274,Team Brickz,North America,BKZ
2275,Team Cappadocia,Turkey,CAP
2276,Team Charon,Korea,CHRN
2277,Team Clarity,North America,CLR
2278,Team Cloud Drake,North America,CLD
2279,Team Coast,North America,CST
2280,Team Coast Gold,Europe,CST Gold
2281,Team Confusion,North America,CONF
2282,Team Corgi,SEA,CRG
2283,Team Curse,North America,CRS
2284,Team Curse Europe,Europe,CEU
2285,Team Curse OCE,Oceania,CRS.O
2286,Team Dark,Korea,Dark
2287,Team Death Knights,North America,TDK
2288,Team DeftFox,Europe,DFX
2289,Team Differential,CIS,Diff
2290,Team Dignitas EU,Europe,DEU
2291,Team Dignitas OCE,Oceania,d OCE
2292,Team Dignitas UK,Europe,d UK
2293,Team DK,China,DK
2294,Team DPD,Europe,DPD
2295,Team Dragon Knights,North America,TDK
2296,Team du Sud,EMEA,TDS
2297,Team Dynamic,North America,DYN
2298,Team Dynamics,Korea,DYN
2299,Team Dynamics Academy,Korea,DYN.A
2300,Team Dynasty,Europe,Dynasty
2301,Team E Turner,North America,TET
2302,Team EasyFix Co-Hop,Europe,EFC
2303,Team Echo Zulu,Europe,EZ
2304,Team Echo Zulu Tribe,Europe,EZT
2305,Team Eclypse,Europe,EC
2306,Team Eloblade,Europe,ELOB
2307,Team Empire,CIS,EMP
2309,Team EnVyUs,North America,NV
2310,Team ESCA Gaming,EMEA,ESCA
2311,Team ESCA Gaming Female,Europe,ESCA.F
2312,Team Exile5,Oceania,X5
2313,Team FeaR,North America,FR
2314,Team Fighter,China,TF
2315,Team Fire,International,Fire
2316,Team Fish Taco,North America,TACO
2317,Team Flash,SEA,FL
2319,Team Flux,Europe,FLUX
2320,Team Forge,Europe,4G
2321,Team Forge Academy,Europe,4GA
2322,Team Forge Ichnos,Europe,4GI
2323,Team Fracture,North America,TF
2324,Team FragZone,Europe,FZ
2325,Team Front,North America,TF
2326,Team Frostbite,North America,TFB
2327,Team Furca,Europe,FA
2328,Team Fusion,North America,FSN
2329,Team gamed!de,Europe,GDE
2330,Team Gates,North America,TG
2331,Team Genesis,Brazil,GEN
2332,Team Genji,Europe,Genji
2333,Team GO,EMEA,GO
2334,Team GO Aurora,EMEA,GOA
2335,TEAM GR1,EMEA,GR1
2336,Team Green Forest,North America,TGF
2337,Team Heretics,EMEA,TH
2338,Team Hex,MENA,HEX
2339,Team Horizon Reapers,Europe,THR
2340,Team Hunters,Korea,TH
2341,Team Hurricane,China,TH
2342,Team Ice,International,Ice
2343,Team Imagine,North America,IMG
2344,Team Immunity,Oceania,IM
2345,Team Impulse,North America,TIP
2346,Team Infamous,Europe,IFM
2347,Team Infernal Drake,North America,INF
2348,Team Infinite,SEA,IFN
2349,Team Infused,Europe,INF
2350,Team Innova,Brazil,i9
2351,Team Insidious,EMEA,INS
2352,Team Just,CIS,TJ
2353,Team Just Alpha,CIS,Just A
2354,Team Just Challenger,CIS,TJ.C
2355,Team Just Ice,CIS,J.ICE
2356,Team Kamikaze,Japan,KMZ
2357,Team King,China,KNG
2358,Team Kinguin,Europe,TK
2359,Team KTHXBAI,SEA,KTHXBAI
2360,Team KungFu,China,TKF
2361,Team Legion,Europe,TL
2363,Team Liquid,North America,TL
2364,Team Liquid Academy,North America,TL.A
2365,Team Liquid Challengers,North America,TLC
2366,Team Liquid First,North America,TLF
2367,Team Livemore,China,LM
2368,Team LoL Cave,LAS,TLC
2369,Team LoLPro,North America,PRO
2370,Team Majesty,MENA,MAJ
2371,Team Manila Eagles,SEA,TME
2372,Team Matrix,North America,MTRX
2373,Team MCES,Europe,MCES
2374,Team MCES Academy,Europe,MCES.A
2375,Team MegashocK,Europe,TMsK
2376,Team Mist,LMS,TM
2377,Team Mistral,Europe,MTL
2378,Team MoonZone,Europe,MZ
2379,Team Moops,Europe,MPS
2380,Team Mountain Drake,North America,MTN
2381,Team MRN,North America,MRN
2382,Team NB,Korea,NB
2383,Team Nerotec,Europe,NTC
2384,Team No Limit,LMS,TnL
2385,Team NomNom,North America,NOMN
2386,Team Nv,Oceania,Nv
2387,Team nxl,SEA,nxl
2388,Team Occupy,MENA,OPY
2389,Team Ocean Drake,North America,OCN
2390,Team Omniscius H,EMEA,TOSH
2391,Team oNe eSports,Brazil,ONE
2392,Team One Shot,Europe,ONE
2393,Team OP,Korea,OP
2394,Team Oplon,Europe,OPL
2395,TEAM ORANGE,China,TO
2396,Team Orion,LMS,ORN
2397,Team Orora,Turkey,Orora
2398,Team Overclockers UK,Europe,OUK
2399,Team Ozone Cutie Monsters,SEA,OZCM
2400,Team Paradox,EMEA,TPX
2401,Team Pending,North America,TBA
2402,Team Phantasma,EMEA,TP
2403,Team Phantasma Community,Europe,TPC
2404,Team Phoenix,China,PHX
2405,Team PHZ,Europe,PHZ
2406,Team Pinnacle,China,TP
2407,Team Pique Sel,EMEA,PXXL
2408,Team Plague,EMEA,PLG
2409,Team Plink,North America,TP
2410,Team Proioxis,SEA,PRS
2411,Team Property,Europe,prOp
2412,Team QLASH Academy,Europe,QLS
2413,Team Queso,Europe,TQ
2414,Team Quetzal,Latin America,QzL
2415,Team Rapid,North America,RPD
2416,Team Refuse,EMEA,RFS
2417,Team Regicide,Oceania,RGC
2418,Team Retric,Europe,Retric
2419,Team Revive,Europe,Revive
2420,Team Rigel,SEA,Rigel
2421,Team Riverside,Europe,TRS
2422,Team RM,China,RM
2423,Team ROCCAT,Europe,ROC
2424,Team ROCK,Europe,ROCK
2425,Team Rocket,Europe,TR
2426,Team SalsaLoL,Europe,TSL
2427,Team Same Mordeczki,Europe,TSM
2428,Team Sampi,EMEA,SMP
2429,Team Secret,Vietnam,TS
2430,Team Server-Forge,Europe,sForge
2431,Team Singularity,Europe,SNG
2432,Team Sky,North America,SKY
2433,Team Solo Mebdi,Europe,TSM
2434,Team SoloMid Evo,North America,TSM.E
2435,Team Spirit,CIS,TSPT
2436,Team Summon,North America,TS
2437,Team Sypher,Europe,Sypher
2438,Team Tempest,North America,TMP
2439,Team Terrigen,SEA,TG
2440,Team THRLL,Europe,TRL
2441,Team THRLL Academy,Europe,TRL.A
2442,Team Tony Top,North America,TTT
2443,Team TowerDiveTV,North America,TDTV
2444,Team Turquality,Turkey,TT
2445,Team Turquality RED,Turkey,TT RED
2446,Team Ultra Vires,Europe,TUV
2447,Team United,Brazil,United
2448,Team UNiTY,EMEA,UNY
2449,Team Universe,Europe,UNI
2450,Team Vitality,EMEA,VIT
2451,Team Vitality Academy,Europe,VIT.A
2452,Team Vulcun,North America,VUL
2453,Team W3,China,W3
2454,Team WE,China,WE
2455,Team WE Academy,China,WE.A
2456,Team WE Dreams,China,WED
2457,Team WE Future,China,WEF
2458,Team WeForge,Europe,WFE
2459,Team Whales,Vietnam,TW
2460,Team WinFakt,Europe,WinFakt
2461,Team WK,MENA,WK
2462,Team Yetti,LMS,TY
2463,Team Zan,Japan,ZAN
2464,Team Zhonyas Revolution,EMEA,TZR
2465,Team Zoose,North America,TZ
2466,TEAM4NOT,North America,4N
2468,TeamHopeLess,LMS,THL
2469,Teamless,Europe,TEAM
2470,TeamOrangeGaming,EMEA,TOG
2471,Tech Titans,LAS,7T
2472,Tectonic,Oceania,TTC
2473,Tectonic Academy,Oceania,TTA
2474,Tempered Fate,Europe,TF
2475,Tempest Gaming,North America,TPG
2476,Tempo Storm,North America,TS
2477,Tesla E-Sports,LAN,TeslaE
2478,Tesla Gaming,LAN,TSL
2479,Test Your Limits,Europe,TYL
2480,Texas A&amp;M University,North America,TAM
2481,Texas Tech University,North America,TTU
2482,TFK,Latin America,TFK
2483,The Agency,EMEA,AGC
2484,The Black Lotus,MENA,TBL
2485,The Black Magic,MENA,TBM
2486,The Brunch Club,North America,TBC
2487,The Chiefs Black,Oceania,CFB
2488,The Expendables,North America,EXP
2489,The Final Tribe,Europe,TFT
2490,The Fox Sound,Europe,TFS
2491,The French Zoo,Europe,ZOO
2492,The Kings,Latin America,TK
2493,The Kings Academy,Latin America,TK.A
2494,The Kings Moon,Latin America,TKM
2495,The Largest Salary,CIS,TLS
2496,The Last Dance,North America,TLD
2497,The Last Monk,EMEA,TLM
2498,The League of Extraordinary Monsters,North America,LXM
2499,The Longest Yard,North America,TLY
2500,The Mighty Midgets,Europe,THE
2501,The Nameless,North America,NE
2502,The Natives,SEA,TNT
2503,The Northern Front,North America,TNF
2504,The Plan,Europe,TP
2505,The RED,CIS,RED
2506,The Salad Bar,North America,TSB
2507,The Spawn Esports,Europe,SPN
2508,The Tower,Europe,TT
2509,The Walking Zed,North America,TWZ
2510,Third Party,North America,3P
2511,Thirsty Chinchillas,SEA,TCH
2512,Thunder Awaken,Latin America,TA
2513,ThunderBot SPARTA,Europe,TBS
2514,Thunderclouds E-Sports,MENA,TC
2515,ThunderFlash,EMEA,TF
2516,ThunderoBot Gaming,China,TRG
2517,ThunderTalk Gaming,China,TT
2518,ThunderTalk Gaming Young,China,TT.Y
2519,ThunderX3 Baskonia,Europe,BKN
2520,THUNDR Esports,EMEA,TDR
2521,Tick Trick and Duck,Europe,TTD
2522,Tigris eSports,Europe,TIG
2523,Tiktok Tony Top,North America,TONY
2524,Till Dawn,SEA,TDW
2525,Timeout Esports,Europe,TO
2526,Timeout Esports Academy,Europe,TO.A
2527,Tindastóll,Europe,TND
2528,Titan Catipay,China,TC
2529,TITANS ESPORTS,CIS,TITANS
2530,Titans Gaming Center,MENA,TGC
2531,TKA E-Sports,Europe,TKA
2532,TM Gaming,Oceania,tM
2533,TNC Pro Team,SEA,TNC
2534,TNU Eagle (東南飛鷹),PCS,TNU
2535,Tồ Gaming,Vietnam,TG
2536,Together Esports,Europe,TE
2537,Tomorrow Esports,Latin America,TMR
2538,Tongtex Suns (東泰太陽),PCS,TS
2539,Tony Parker Adequat Academy,EMEA,TPAA
2540,TOOOLS esports,Europe,OOO
2541,Top Dog Gaming,North America,TDG
2542,Top Esports,China,TES
2543,Top Esports Challenger,China,TESC
2544,TopHard Esports,Latin America,TH
2545,ToxicFalcons eSports,Europe,TF
2546,ToxicFalcons eSports Belgium,Europe,TF.BE
2547,ToxicFalcons Oldschool,Europe,TF.OS
2548,TrainHard eSport,Europe,TH
2549,Trance's Tyrants,North America,TTS
2550,Tricked Esport,Europe,TRC
2551,Tricksters,CIS,TRX
2552,Trident Esports,Oceania,TRI
2553,Triple Esports,EMEA,TRP
2554,Triumphant Song Gaming,China,TSG
2555,True eSport,Europe,TeS
2556,TSM,North America,TSM
2557,TSM Academy,North America,TSM.A
2558,TSM Amateur,North America,TSM.Am
2559,TSM Challengers,North America,TSMC
2560,TSM Darkness,North America,TSD
2561,Tt Dragons Taiwan,LMS,TTD
2562,Tt eSPORTS Dragons,Europe,TTD
2563,Tundra Gaming,Europe,TDG
2564,Turing eSports,Europe,TS
2565,Twareg Esports,MENA,TWG
2566,TWELVE,China,12
2567,Twisted Minds,MENA,TM
2568,Two-eyed Monsters,Japan,2eM
2569,TWOTWOEIGHT,LMS,228
2570,TyLoo,China,TL
2571,U Rage QuiT,LAS,URQ
2572,UCAM Penguins,Europe,UCAM
2573,UCAM Penguins Academy,Europe,UCAM.A
2574,UCAM Tokiers,EMEA,UCAM
2575,UCAM Tokiers Academy,EMEA,UCAM.A
2576,Ultimate Gaming,SEA,ULT
2577,Ultimate Senpai,SEA,USP
2578,Ultra Prime,China,UP
2579,Ultra Prime Academy,China,UPA
2580,Umbra Collective,North America,UC
2581,Umbra Divinus Gaming,Europe,UDG
2582,Undead Gaming,Latin America,UBK
2583,Underdog,SEA,UDG
2584,Underworld Esports,EMEA,UWE
2585,Unfazed Esport,Europe,UFZ
2586,Unicorns of Love,Europe,UOL
2587,Unicorns of Love Sexy Edition,EMEA,USE
2588,Unicorns of Love.CIS,CIS,UOL
2589,UniQ Esports Club,EMEA,UNIQ
2590,Universidad Católica Esports,Latin America,UC
2591,Universidad de Chile Esports,Latin America,UCH
2592,Universitario Esports,Latin America,UE
2593,University of British Columbia,North America,UBC
2594,"University of California, Irvine",North America,UCI
2595,"University of California, Los Angeles",North America,UCLA
2596,"University of California, Riverside",North America,UCR
2597,"University of California, San Diego",North America,UCSD
2598,University of Colorado Boulder,North America,CUB
2599,University of Illinois at Urbana-Champaign,North America,UIUC
2600,University of Louisiana at Lafayette,North America,UL
2601,"University of Maryland, College Park",North America,UMD
2602,University of Michigan,North America,UM
2603,"University of Minnesota, Twin Cities",North America,UMN
2604,University of Mississippi,North America,MISS
2605,University of Missouri Columbia,North America,MIZZ
2607,University of North America,North America,UoNA
2608,University of Ottawa,North America,UO
2609,University of South Florida,North America,USF
2610,University of St. Thomas,North America,UST
2611,University of St. Trevor,North America,UST
2612,University of Texas at Austin,North America,UT
2613,University of Texas at Dallas,North America,UTD
2614,University of Toronto,North America,UT
2615,University of Toronto Scarborough,North America,UTSC
2616,University of Washington,North America,UW
2617,University of Waterloo,North America,UW
2618,University of Western Ontario,North America,UWO
2619,Unknowns Gamers,Latin America,UKG
2620,Unlimited Potential,China,UP
2621,unRestricted eSports,North America,UNR
2622,Unsold Stuff Gaming,Japan,USG
2623,Upper Echelon,Europe,UE
2624,Uppercut esports,Brazil,UP
2625,UQ Union,Oceania,UQU
2626,UTM Esports,Vietnam,UTM
2627,UTS Esports,Oceania,UTS
2628,V Gaming,Vietnam,VGE
2629,V Gaming Adonis,Vietnam,VGA
2630,V3 Esports,Japan,V3
2631,V3 Esports Academy,Japan,V3.A
2632,V3 Esports Youth,Japan,V3.Y
2633,V3 New Generation,Japan,V3NG
2634,V5 87,China,87
2635,v8 eSports,North America,V8
2636,Vaevictis eSports,CIS,VS
2637,Vaevictis Syndicate,CIS,VVS
2638,Val 2.0 Valkyrie,Africa,VLV
2639,Valencia CF eSports,Europe,VCF
2640,Valhalla Vikings,Europe,VV
2641,Valiance,EMEA,VPG
2642,Valkiria Esports,Europe,VLK
2643,Valorous,Latin America,VAL
2644,Valyrian Dragons,Europe,VD
2645,Vandals Esports,Latin America,VAN
2646,Vanir,EMEA,VNR
2647,Vanung Lion (萬能雄獅),PCS,VL
2648,Varona Esports,EMEA,VAE
2649,VAULT,Latin America,VLT
2650,VC Gaming,China,VC
2651,Vector Gaming,Europe,VG
2652,Vega Squadron,CIS,VEG
2653,Vegas Inferno,North America,INF
2654,Velocity eSports,North America,VES
2655,Veni eSports,Europe,VENI
2656,Venomcrest Esports,EMEA,VNC
2657,Ventus Esports,Europe,VT
2658,Verdant,EMEA,VER
2659,Verity Esports,North America,VE
2660,Vertex Esports Club,PCS,VTX
2661,Vestigial,SEA,VTL
2662,Vexo eSports,North America,VEXO
2663,Vici Esports,China,VE
2664,Vici Gaming,China,VG
2665,Vici Gaming 2,China,VG 2
2666,Vici Gaming Academy,China,VGA
2667,Vici Gaming Potential,China,VGP
2668,Vici Potential Gaming,China,VGP
2669,Vici Star Gaming,China,VG.S
2670,Victorious Ace,Turkey,VA
2671,Victorious Gaming,China,VTG
2672,Victory Five,China,V5
2673,Victory Song Gaming,China,VSG
2674,Vietnam Esports TV,Vietnam,VETV
2675,VietSun Esports,Vietnam,VSE
2676,Viking Esports,Europe,VIK
2677,Vikingekrig Academy,Europe,VIK.A
2678,Vikingekrig Esports,Europe,VIK
2679,Vikings Gaming,Vietnam,HNV
2680,Villarreal QLASH,EMEA,VIL
2681,Vince Te Ipsum Ignis,Brazil,vTi Ignis
2682,Vince Te Ipsum Nox,Brazil,vTi Nox
2683,VININE,EMEA,V9
2684,Viperio,EMEA,VIP
2685,Vipers,Latin America,VIPS
2686,Vipers Inc,Europe,VIP
2687,Vireo.Pro,North America,VIR
2688,Virginia Polytechnic Institute and State University,North America,VT
2689,Virtual Reality Game,China,VRG
2690,Virtuoso Gaming,Korea,VSG
2691,Virtus Legion,LAS,VL
2692,Virtus.pro,CIS,VP
2693,VIRUS,Europe,VS
2694,VIS eSports,Europe,VIS
2695,Visual Perception,EMEA,VP
2696,VITA,EMEA,VITA
2697,Vitality.Bee,EMEA,VITB
2698,ViV Esport,EMEA,ViV
2699,Vivo Keyd,Brazil,VK
2700,Vivo Keyd Stars,Brazil,VKS
2701,Vivo Keyd Stars Academy,Brazil,VKS.A
2702,Vodafone Giants Academy,Europe,VGIA.A
2703,Vodafone Giants White,Europe,VGIA.W
2704,Void Esports Fear,Europe,VDE.F
2705,Void Gaming,Europe,VG
2706,Void Gaming Phenomenon,Europe,VGP
2707,Void Purple,Europe,Void P
2708,Vorax Liberty,Brazil,VRX
2709,Vorax Liberty Academy,Brazil,VRX.A
2710,Vortex,North America,VTX
2711,Vortex Five,Europe,V5
2712,Vortex Gaming,Latin America,VTX
2713,Vortex Team,China,VT
2714,VP Game,China,VP
2715,VSG,Korea,VSG
2716,VSlash GnG,MENA,VSG
2717,vVv Gaming,North America,VVV
2718,vVv Gaming Red,North America,VR
2719,vVv Gaming White,North America,VW
2720,Waia Snikt,Latin America,WS
2721,Wan Yoo,China,WY
2722,WannaBeWithYou,LMS,WBY
2723,WanZhen Esports Club,China,WZ
2724,WAP Esports,Latin America,WAP
2725,War Legion Esports,Latin America,WLE
2726,Wargods,SEA,Wargods
2727,Wargods La Liga Pilipinas,SEA,WG.LLP
2728,WarKidZ E-Sports,Europe,WKZ
2729,Warthox,EMEA,WTX
2730,WAVE Esports,Europe,WAVE
2731,WaY,Korea,WaY
2732,Wayi Spider,LMS,WS
2733,Wayi Spider China,China,WS
2734,Wazabi Gaming,North America,WZG
2735,We Talent,Latin America,WT
2736,Webidoo Gaming,EMEA,WBD
2737,Weibo Gaming,China,WBG
2738,Weibo Gaming Youth Team,China,WBG.Y
2739,WeSports,EMEA,WES
2740,West Point Esports,PCS,WPE.PH
2741,Western Esports,North America,WEST
2742,Western Wolves,Europe,wW
2743,WhereAreyouFrom,Korea,WAF
2744,White Bears eSports,Latin America,WB
2745,White Dragons,EMEA,WD
2746,Wichita Wolves,North America,WW
2747,Wicked Gaming,Europe,WG
2748,WiLD Academy,Europe,WiLD.A
2749,Wild Fire e-Sports Club,Turkey,WF
2750,Wild Jaguars,Latin America,WJ
2751,WiLD MultiGaming,Europe,WiLD
2752,Wild Panthers Esports,EMEA,WPE
2753,Wild West Bandits,North America,WWB
2754,Wildcard Aces,North America,WCA
2755,Wildcard Gaming,North America,WC
2756,Wildcard Gaming Black,North America,WCB
2757,Wildcard Gaming Developmental,North America,WCD
2758,Wildcard Gaming Red,North America,WCR
2759,WIN Esports,SEA,WIN
2760,Wina Krzycha,EMEA,WK
2761,Wind and Rain,Europe,WAR
2762,Wind and Rain Balkan,Europe,WAR.B
2763,Wind and Rain Germany,Europe,WAR.G
2764,Wind and Rain NA,North America,WAR.NA
2765,Wind and Rain Nordic,Europe,WAR.N
2766,Windstorm Gaming,North America,WS
2767,Wings of Aurora,China,WOA
2768,WingsOflibeRty,LMS,WOR
2769,Winners,Korea,WNS
2770,Winston King of Amateur,North America,KOA
2771,Winterfox,North America,WFX
2772,Winthrop University,North America,WU
2773,Wisła Płock eSports,Europe,WP
2774,Wizard esports,Europe,WIZ
2775,Wizards,EMEA,WIZ
2776,WLGaming Esports,EMEA,WLG
2777,WNKR,Europe,WNKR
2778,Wolf Club Esports,Latin America,WCE
2779,Wonder Stag e-Sports,EMEA,WSE
2780,World Class Empyreans,North America,WCE
2781,Wortex Gaming,Europe,WTX
2782,WP Gaming,Brazil,WP
2783,wSystem e-Sports Club,Europe,wSys
2784,WuDu,China,WD
2785,Wulf Pack Esports,North America,WP
2786,WYDream,China,WYD
2787,Wygers Argentina,Latin America,WYG
2788,Wygers Colombia,Latin America,WYG
2789,x25 Esports,Europe,X25
2790,x6tence,Europe,x6
2791,x6tence Academy,Europe,x6.A
2792,x6tence México,Latin America,x6.M
2793,X7 Ascent,Europe,X7.A
2794,X7 Esports,Europe,X7
2795,XAL Esports,Europe,XAL
2796,Xan,SEA,XAN
2797,Xavier Esports,SEA,XAV
2798,XD,Korea,XD
2799,XD Prinfor,Europe,XD
2800,XD Prinfor B,Europe,XD.B
2801,XDG Gaming,North America,XDG
2802,Xenics,Korea,XEN
2803,Xenics Blast,Korea,XB
2804,Xenics Storm,Korea,XS
2805,Xgame,SEA,XG
2806,XGamers,LMS,XG
2807,Xoldiers,EMEA,XOL
2808,XPG Invicta,Europe,XPG
2809,XT Esports,North America,XT
2810,XTEN Esports,Latin America,XTN
2811,XTEN Mexico,Latin America,XTN.M
2812,XTGN,North America,XTGN
2813,XtremeDominators,EMEA,XD
2814,XY Esports,Europe,XY
2815,XYZ,Korea,XYZ
2816,y so E-Sports,North America,YSO
2817,Y.O.L.O.,North America,Y.O.L.O.
2818,YDN Elysium,Europe,YDN.E
2819,YDN Esports,Europe,YDN
2820,YDN Legion,Europe,YDN.L
2821,YeaH! Gaming,Brazil,YeaH
2822,Yellow Stripes,EMEA,V
2823,York University,North America,YU
2824,YouCantStopMe,LMS,YCSM
2825,Young Boss,Korea,YB
2826,Young Buffalo,Vietnam,YB
2827,Young Generation,Vietnam,YGE
2828,Young Glory,China,YG
2829,Young Miracles,China,YM
2830,Young Ninjas,China,YN
2831,Your Exit,CIS,YE
2832,Your Soul Shall Chuffer,Oceania,YSSC
2833,Youth Warriors (青年勇士),PCS,YW
2834,YouthCrew Esports,Turkey,YC
2835,Yutoru,EMEA,YTR
2836,ZAGA Talent Gaming,LAN,ZTG
2837,Žalgiris Esports,Europe,ZAL
2838,ZeBopSquad,North America,ZEBO
2839,Zeeman,Europe,ZEE
2840,Zen Aïe Tea Refugees,Europe,ZAT
2841,Zenigma,North America,ZEN
2842,Zenigma Eclipse,North America,ZEN.E
2843,Zenigma Lunar,North America,ZEN.L
2844,Zenigma Solar,North America,ZEN.S
2845,Zenith Esports,North America,ZEN
2846,ZennIT,EMEA,ZNT
2847,ZentaX Esports,Europe,ZTX
2848,Zephyr E-Sport White,Europe,ZPR.W
2849,Zephyr Esport,Europe,ZPR
2850,Zephyr Esport Academy,Europe,ZPR.A
2851,Zephyr Esport Red,Europe,ZPR.R
2852,Zero Six PowerSpike,Europe,6
2853,Zero Tenacity,EMEA,Z10
2854,Zerolag Esports,EMEA,HELL
2855,Zerolag Esports Academy,Europe,ZRL.A
2856,ZeroSeven Gera,Europe,7
2857,ZeroZone Gaming,EMEA,ZZG
2858,ZETA,EMEA,ZTA
2859,Zeta Team,Europe,Z
2860,Zeu5 Bogota,Latin America,Z5
2861,Zeu5 Gaming,LAN,Z5
2862,Zeus Kralik,Latin America,Z5K
2863,Zodiac Esports,North America,ZDC
2864,Zoltak Legion,LAS,ZK
2865,ZONE eSports,Turkey,ZONE
2866,Zooby's Kittens,North America,ZBY
2867,Zoos Gaming,North America,ZOO
2868,ZOTAC United,SEA,ZOT
2869,ZTR Gaming,China,ZTR
2870,Zwan Gaming,Latin America,ZWN
2871,Zwan Gaming Academy,Latin America,ZWAN
2872,Zwan Gaming Colombia,Latin America,ZWN.C
2873,Zwan Gaming Mexico,Latin America,ZWN.M
2874,Zylant Esports,Latin America,ZLT
